Total Nacional;Comunidades y Ciudades Autónomas;Edad (año a año);Españoles/Extranjeros;Sexo;Año;Total
Total Nacional;;18 años;Españoles;Hombres;2006;221.811
Total Nacional;;18 años;Españoles;Hombres;2005;227.872
Total Nacional;;18 años;Españoles;Hombres;2004;236.595
Total Nacional;;18 años;Españoles;Hombres;2003;246.163
Total Nacional;;18 años;Españoles;Hombres;2002;254.126
Total Nacional;;18 años;Españoles;Hombres;2001;269.606
Total Nacional;;18 años;Españoles;Hombres;2000;283.474
Total Nacional;;18 años;Españoles;Mujeres;2006;210.286
Total Nacional;;18 años;Españoles;Mujeres;2005;216.686
Total Nacional;;18 años;Españoles;Mujeres;2004;224.743
Total Nacional;;18 años;Españoles;Mujeres;2003;233.608
Total Nacional;;18 años;Españoles;Mujeres;2002;241.933
Total Nacional;;18 años;Españoles;Mujeres;2001;256.620
Total Nacional;;18 años;Españoles;Mujeres;2000;268.519
Total Nacional;;18 años;Extranjeros;Hombres;2006;23.203
Total Nacional;;18 años;Extranjeros;Hombres;2005;20.247
Total Nacional;;18 años;Extranjeros;Hombres;2004;16.288
Total Nacional;;18 años;Extranjeros;Hombres;2003;14.325
Total Nacional;;18 años;Extranjeros;Hombres;2002;10.835
Total Nacional;;18 años;Extranjeros;Hombres;2001;7.474
Total Nacional;;18 años;Extranjeros;Hombres;2000;5.321
Total Nacional;;18 años;Extranjeros;Mujeres;2006;20.957
Total Nacional;;18 años;Extranjeros;Mujeres;2005;18.666
Total Nacional;;18 años;Extranjeros;Mujeres;2004;15.217
Total Nacional;;18 años;Extranjeros;Mujeres;2003;13.065
Total Nacional;;18 años;Extranjeros;Mujeres;2002;9.736
Total Nacional;;18 años;Extranjeros;Mujeres;2001;6.930
Total Nacional;;18 años;Extranjeros;Mujeres;2000;4.896
Total Nacional;;19 años;Españoles;Hombres;2006;228.665
Total Nacional;;19 años;Españoles;Hombres;2005;237.387
Total Nacional;;19 años;Españoles;Hombres;2004;246.920
Total Nacional;;19 años;Españoles;Hombres;2003;255.006
Total Nacional;;19 años;Españoles;Hombres;2002;270.101
Total Nacional;;19 años;Españoles;Hombres;2001;283.979
Total Nacional;;19 años;Españoles;Hombres;2000;298.633
Total Nacional;;19 años;Españoles;Mujeres;2006;217.495
Total Nacional;;19 años;Españoles;Mujeres;2005;225.696
Total Nacional;;19 años;Españoles;Mujeres;2004;234.292
Total Nacional;;19 años;Españoles;Mujeres;2003;242.697
Total Nacional;;19 años;Españoles;Mujeres;2002;257.145
Total Nacional;;19 años;Españoles;Mujeres;2001;269.043
Total Nacional;;19 años;Españoles;Mujeres;2000;285.737
Total Nacional;;19 años;Extranjeros;Hombres;2006;25.187
Total Nacional;;19 años;Extranjeros;Hombres;2005;22.606
Total Nacional;;19 años;Extranjeros;Hombres;2004;18.293
Total Nacional;;19 años;Extranjeros;Hombres;2003;16.036
Total Nacional;;19 años;Extranjeros;Hombres;2002;12.510
Total Nacional;;19 años;Extranjeros;Hombres;2001;8.718
Total Nacional;;19 años;Extranjeros;Hombres;2000;5.175
Total Nacional;;19 años;Extranjeros;Mujeres;2006;24.472
Total Nacional;;19 años;Extranjeros;Mujeres;2005;21.362
Total Nacional;;19 años;Extranjeros;Mujeres;2004;18.235
Total Nacional;;19 años;Extranjeros;Mujeres;2003;15.791
Total Nacional;;19 años;Extranjeros;Mujeres;2002;12.245
Total Nacional;;19 años;Extranjeros;Mujeres;2001;8.318
Total Nacional;;19 años;Extranjeros;Mujeres;2000;5.068
Total Nacional;;20 años;Españoles;Hombres;2006;237.947
Total Nacional;;20 años;Españoles;Hombres;2005;247.544
Total Nacional;;20 años;Españoles;Hombres;2004;255.456
Total Nacional;;20 años;Españoles;Hombres;2003;270.423
Total Nacional;;20 años;Españoles;Hombres;2002;284.390
Total Nacional;;20 años;Españoles;Hombres;2001;298.825
Total Nacional;;20 años;Españoles;Hombres;2000;310.068
Total Nacional;;20 años;Españoles;Mujeres;2006;226.203
Total Nacional;;20 años;Españoles;Mujeres;2005;235.042
Total Nacional;;20 años;Españoles;Mujeres;2004;243.319
Total Nacional;;20 años;Españoles;Mujeres;2003;257.719
Total Nacional;;20 años;Españoles;Mujeres;2002;269.520
Total Nacional;;20 años;Españoles;Mujeres;2001;285.921
Total Nacional;;20 años;Españoles;Mujeres;2000;296.212
Total Nacional;;20 años;Extranjeros;Hombres;2006;29.030
Total Nacional;;20 años;Extranjeros;Hombres;2005;26.251
Total Nacional;;20 años;Extranjeros;Hombres;2004;21.533
Total Nacional;;20 años;Extranjeros;Hombres;2003;20.350
Total Nacional;;20 años;Extranjeros;Hombres;2002;15.635
Total Nacional;;20 años;Extranjeros;Hombres;2001;10.125
Total Nacional;;20 años;Extranjeros;Hombres;2000;5.450
Total Nacional;;20 años;Extranjeros;Mujeres;2006;28.340
Total Nacional;;20 años;Extranjeros;Mujeres;2005;25.691
Total Nacional;;20 años;Extranjeros;Mujeres;2004;21.848
Total Nacional;;20 años;Extranjeros;Mujeres;2003;19.872
Total Nacional;;20 años;Extranjeros;Mujeres;2002;14.863
Total Nacional;;20 años;Extranjeros;Mujeres;2001;9.892
Total Nacional;;20 años;Extranjeros;Mujeres;2000;5.332
Total Nacional;;21 años;Españoles;Hombres;2006;248.031
Total Nacional;;21 años;Españoles;Hombres;2005;256.159
Total Nacional;;21 años;Españoles;Hombres;2004;270.677
Total Nacional;;21 años;Españoles;Hombres;2003;284.850
Total Nacional;;21 años;Españoles;Hombres;2002;299.281
Total Nacional;;21 años;Españoles;Hombres;2001;310.401
Total Nacional;;21 años;Españoles;Hombres;2000;327.752
Total Nacional;;21 años;Españoles;Mujeres;2006;235.545
Total Nacional;;21 años;Españoles;Mujeres;2005;243.919
Total Nacional;;21 años;Españoles;Mujeres;2004;257.921
Total Nacional;;21 años;Españoles;Mujeres;2003;270.012
Total Nacional;;21 años;Españoles;Mujeres;2002;286.298
Total Nacional;;21 años;Españoles;Mujeres;2001;296.229
Total Nacional;;21 años;Españoles;Mujeres;2000;312.589
Total Nacional;;21 años;Extranjeros;Hombres;2006;33.531
Total Nacional;;21 años;Extranjeros;Hombres;2005;31.054
Total Nacional;;21 años;Extranjeros;Hombres;2004;27.105
Total Nacional;;21 años;Extranjeros;Hombres;2003;24.748
Total Nacional;;21 años;Extranjeros;Hombres;2002;18.853
Total Nacional;;21 años;Extranjeros;Hombres;2001;12.128
Total Nacional;;21 años;Extranjeros;Hombres;2000;5.786
Total Nacional;;21 años;Extranjeros;Mujeres;2006;33.556
Total Nacional;;21 años;Extranjeros;Mujeres;2005;30.461
Total Nacional;;21 años;Extranjeros;Mujeres;2004;26.947
Total Nacional;;21 años;Extranjeros;Mujeres;2003;23.797
Total Nacional;;21 años;Extranjeros;Mujeres;2002;17.873
Total Nacional;;21 años;Extranjeros;Mujeres;2001;11.228
Total Nacional;;21 años;Extranjeros;Mujeres;2000;5.844
Total Nacional;;22 años;Españoles;Hombres;2006;256.704
Total Nacional;;22 años;Españoles;Hombres;2005;271.272
Total Nacional;;22 años;Españoles;Hombres;2004;285.085
Total Nacional;;22 años;Españoles;Hombres;2003;299.595
Total Nacional;;22 años;Españoles;Hombres;2002;310.388
Total Nacional;;22 años;Españoles;Hombres;2001;328.181
Total Nacional;;22 años;Españoles;Hombres;2000;334.408
Total Nacional;;22 años;Españoles;Mujeres;2006;244.307
Total Nacional;;22 años;Españoles;Mujeres;2005;258.523
Total Nacional;;22 años;Españoles;Mujeres;2004;270.220
Total Nacional;;22 años;Españoles;Mujeres;2003;286.473
Total Nacional;;22 años;Españoles;Mujeres;2002;296.516
Total Nacional;;22 años;Españoles;Mujeres;2001;312.594
Total Nacional;;22 años;Españoles;Mujeres;2000;318.653
Total Nacional;;22 años;Extranjeros;Hombres;2006;39.298
Total Nacional;;22 años;Extranjeros;Hombres;2005;38.609
Total Nacional;;22 años;Extranjeros;Hombres;2004;32.265
Total Nacional;;22 años;Extranjeros;Hombres;2003;29.953
Total Nacional;;22 años;Extranjeros;Hombres;2002;22.103
Total Nacional;;22 años;Extranjeros;Hombres;2001;13.681
Total Nacional;;22 años;Extranjeros;Hombres;2000;5.973
Total Nacional;;22 años;Extranjeros;Mujeres;2006;38.364
Total Nacional;;22 años;Extranjeros;Mujeres;2005;36.782
Total Nacional;;22 años;Extranjeros;Mujeres;2004;31.430
Total Nacional;;22 años;Extranjeros;Mujeres;2003;27.916
Total Nacional;;22 años;Extranjeros;Mujeres;2002;20.019
Total Nacional;;22 años;Extranjeros;Mujeres;2001;12.527
Total Nacional;;22 años;Extranjeros;Mujeres;2000;6.493
Total Nacional;;23 años;Españoles;Hombres;2006;271.659
Total Nacional;;23 años;Españoles;Hombres;2005;285.655
Total Nacional;;23 años;Españoles;Hombres;2004;299.752
Total Nacional;;23 años;Españoles;Hombres;2003;310.748
Total Nacional;;23 años;Españoles;Hombres;2002;328.627
Total Nacional;;23 años;Españoles;Hombres;2001;334.807
Total Nacional;;23 años;Españoles;Hombres;2000;343.402
Total Nacional;;23 años;Españoles;Mujeres;2006;258.977
Total Nacional;;23 años;Españoles;Mujeres;2005;270.927
Total Nacional;;23 años;Españoles;Mujeres;2004;286.304
Total Nacional;;23 años;Españoles;Mujeres;2003;296.851
Total Nacional;;23 años;Españoles;Mujeres;2002;312.788
Total Nacional;;23 años;Españoles;Mujeres;2001;318.601
Total Nacional;;23 años;Españoles;Mujeres;2000;329.919
Total Nacional;;23 años;Extranjeros;Hombres;2006;47.828
Total Nacional;;23 años;Extranjeros;Hombres;2005;44.949
Total Nacional;;23 años;Extranjeros;Hombres;2004;37.935
Total Nacional;;23 años;Extranjeros;Hombres;2003;34.247
Total Nacional;;23 años;Extranjeros;Hombres;2002;24.979
Total Nacional;;23 años;Extranjeros;Hombres;2001;15.005
Total Nacional;;23 años;Extranjeros;Hombres;2000;6.556
Total Nacional;;23 años;Extranjeros;Mujeres;2006;45.179
Total Nacional;;23 años;Extranjeros;Mujeres;2005;42.008
Total Nacional;;23 años;Extranjeros;Mujeres;2004;36.176
Total Nacional;;23 años;Extranjeros;Mujeres;2003;31.080
Total Nacional;;23 años;Extranjeros;Mujeres;2002;22.114
Total Nacional;;23 años;Extranjeros;Mujeres;2001;13.854
Total Nacional;;23 años;Extranjeros;Mujeres;2000;7.056
Total Nacional;;24 años;Españoles;Hombres;2006;286.108
Total Nacional;;24 años;Españoles;Hombres;2005;300.308
Total Nacional;;24 años;Españoles;Hombres;2004;310.798
Total Nacional;;24 años;Españoles;Hombres;2003;328.976
Total Nacional;;24 años;Españoles;Hombres;2002;335.316
Total Nacional;;24 años;Españoles;Hombres;2001;343.851
Total Nacional;;24 años;Españoles;Hombres;2000;344.197
Total Nacional;;24 años;Españoles;Mujeres;2006;271.416
Total Nacional;;24 años;Españoles;Mujeres;2005;286.924
Total Nacional;;24 años;Españoles;Mujeres;2004;296.715
Total Nacional;;24 años;Españoles;Mujeres;2003;313.014
Total Nacional;;24 años;Españoles;Mujeres;2002;318.838
Total Nacional;;24 años;Españoles;Mujeres;2001;329.805
Total Nacional;;24 años;Españoles;Mujeres;2000;330.055
Total Nacional;;24 años;Extranjeros;Hombres;2006;54.253
Total Nacional;;24 años;Extranjeros;Hombres;2005;52.175
Total Nacional;;24 años;Extranjeros;Hombres;2004;42.934
Total Nacional;;24 años;Extranjeros;Hombres;2003;38.154
Total Nacional;;24 años;Extranjeros;Hombres;2002;27.521
Total Nacional;;24 años;Extranjeros;Hombres;2001;16.313
Total Nacional;;24 años;Extranjeros;Hombres;2000;7.254
Total Nacional;;24 años;Extranjeros;Mujeres;2006;50.317
Total Nacional;;24 años;Extranjeros;Mujeres;2005;47.380
Total Nacional;;24 años;Extranjeros;Mujeres;2004;39.462
Total Nacional;;24 años;Extranjeros;Mujeres;2003;33.816
Total Nacional;;24 años;Extranjeros;Mujeres;2002;23.678
Total Nacional;;24 años;Extranjeros;Mujeres;2001;14.838
Total Nacional;;24 años;Extranjeros;Mujeres;2000;7.739
Total Nacional;;25 años;Españoles;Hombres;2006;300.800
Total Nacional;;25 años;Españoles;Hombres;2005;311.370
Total Nacional;;25 años;Españoles;Hombres;2004;328.892
Total Nacional;;25 años;Españoles;Hombres;2003;335.677
Total Nacional;;25 años;Españoles;Hombres;2002;344.332
Total Nacional;;25 años;Españoles;Hombres;2001;344.603
Total Nacional;;25 años;Españoles;Hombres;2000;341.430
Total Nacional;;25 años;Españoles;Mujeres;2006;287.428
Total Nacional;;25 años;Españoles;Mujeres;2005;297.427
Total Nacional;;25 años;Españoles;Mujeres;2004;312.762
Total Nacional;;25 años;Españoles;Mujeres;2003;319.126
Total Nacional;;25 años;Españoles;Mujeres;2002;330.087
Total Nacional;;25 años;Españoles;Mujeres;2001;329.801
Total Nacional;;25 años;Españoles;Mujeres;2000;328.904
Total Nacional;;25 años;Extranjeros;Hombres;2006;62.382
Total Nacional;;25 años;Extranjeros;Hombres;2005;57.624
Total Nacional;;25 años;Extranjeros;Hombres;2004;47.340
Total Nacional;;25 años;Extranjeros;Hombres;2003;41.384
Total Nacional;;25 años;Extranjeros;Hombres;2002;29.062
Total Nacional;;25 años;Extranjeros;Hombres;2001;17.597
Total Nacional;;25 años;Extranjeros;Hombres;2000;7.851
Total Nacional;;25 años;Extranjeros;Mujeres;2006;55.512
Total Nacional;;25 años;Extranjeros;Mujeres;2005;50.785
Total Nacional;;25 años;Extranjeros;Mujeres;2004;42.225
Total Nacional;;25 años;Extranjeros;Mujeres;2003;35.507
Total Nacional;;25 años;Extranjeros;Mujeres;2002;24.764
Total Nacional;;25 años;Extranjeros;Mujeres;2001;15.791
Total Nacional;;25 años;Extranjeros;Mujeres;2000;8.294
Total Nacional;;26 años;Españoles;Hombres;2006;311.872
Total Nacional;;26 años;Españoles;Hombres;2005;329.593
Total Nacional;;26 años;Españoles;Hombres;2004;335.608
Total Nacional;;26 años;Españoles;Hombres;2003;344.613
Total Nacional;;26 años;Españoles;Hombres;2002;345.133
Total Nacional;;26 años;Españoles;Hombres;2001;341.754
Total Nacional;;26 años;Españoles;Hombres;2000;335.987
Total Nacional;;26 años;Españoles;Mujeres;2006;298.031
Total Nacional;;26 años;Españoles;Mujeres;2005;313.598
Total Nacional;;26 años;Españoles;Mujeres;2004;318.794
Total Nacional;;26 años;Españoles;Mujeres;2003;330.259
Total Nacional;;26 años;Españoles;Mujeres;2002;329.962
Total Nacional;;26 años;Españoles;Mujeres;2001;328.811
Total Nacional;;26 años;Españoles;Mujeres;2000;323.143
Total Nacional;;26 años;Extranjeros;Hombres;2006;67.049
Total Nacional;;26 años;Extranjeros;Hombres;2005;62.733
Total Nacional;;26 años;Extranjeros;Hombres;2004;50.307
Total Nacional;;26 años;Extranjeros;Hombres;2003;43.426
Total Nacional;;26 años;Extranjeros;Hombres;2002;30.572
Total Nacional;;26 años;Extranjeros;Hombres;2001;18.507
Total Nacional;;26 años;Extranjeros;Hombres;2000;8.690
Total Nacional;;26 años;Extranjeros;Mujeres;2006;58.062
Total Nacional;;26 años;Extranjeros;Mujeres;2005;53.151
Total Nacional;;26 años;Extranjeros;Mujeres;2004;43.375
Total Nacional;;26 años;Extranjeros;Mujeres;2003;36.501
Total Nacional;;26 años;Extranjeros;Mujeres;2002;25.738
Total Nacional;;26 años;Extranjeros;Mujeres;2001;16.423
Total Nacional;;26 años;Extranjeros;Mujeres;2000;8.893
Total Nacional;;27 años;Españoles;Hombres;2006;330.134
Total Nacional;;27 años;Españoles;Hombres;2005;336.224
Total Nacional;;27 años;Españoles;Hombres;2004;344.436
Total Nacional;;27 años;Españoles;Hombres;2003;345.583
Total Nacional;;27 años;Españoles;Hombres;2002;342.355
Total Nacional;;27 años;Españoles;Hombres;2001;336.484
Total Nacional;;27 años;Españoles;Hombres;2000;334.857
Total Nacional;;27 años;Españoles;Mujeres;2006;314.137
Total Nacional;;27 años;Españoles;Mujeres;2005;319.775
Total Nacional;;27 años;Españoles;Mujeres;2004;330.038
Total Nacional;;27 años;Españoles;Mujeres;2003;330.068
Total Nacional;;27 años;Españoles;Mujeres;2002;329.171
Total Nacional;;27 años;Españoles;Mujeres;2001;322.944
Total Nacional;;27 años;Españoles;Mujeres;2000;323.325
Total Nacional;;27 años;Extranjeros;Hombres;2006;71.430
Total Nacional;;27 años;Extranjeros;Hombres;2005;65.423
Total Nacional;;27 años;Extranjeros;Hombres;2004;51.849
Total Nacional;;27 años;Extranjeros;Hombres;2003;44.774
Total Nacional;;27 años;Extranjeros;Hombres;2002;31.495
Total Nacional;;27 años;Extranjeros;Hombres;2001;19.338
Total Nacional;;27 años;Extranjeros;Hombres;2000;9.774
Total Nacional;;27 años;Extranjeros;Mujeres;2006;59.936
Total Nacional;;27 años;Extranjeros;Mujeres;2005;53.750
Total Nacional;;27 años;Extranjeros;Mujeres;2004;43.699
Total Nacional;;27 años;Extranjeros;Mujeres;2003;36.620
Total Nacional;;27 años;Extranjeros;Mujeres;2002;26.325
Total Nacional;;27 años;Extranjeros;Mujeres;2001;16.916
Total Nacional;;27 años;Extranjeros;Mujeres;2000;9.549
Total Nacional;;28 años;Españoles;Hombres;2006;336.908
Total Nacional;;28 años;Españoles;Hombres;2005;345.228
Total Nacional;;28 años;Españoles;Hombres;2004;345.227
Total Nacional;;28 años;Españoles;Hombres;2003;342.937
Total Nacional;;28 años;Españoles;Hombres;2002;337.246
Total Nacional;;28 años;Españoles;Hombres;2001;335.374
Total Nacional;;28 años;Españoles;Hombres;2000;330.541
Total Nacional;;28 años;Españoles;Mujeres;2006;320.490
Total Nacional;;28 años;Españoles;Mujeres;2005;330.899
Total Nacional;;28 años;Españoles;Mujeres;2004;329.792
Total Nacional;;28 años;Españoles;Mujeres;2003;329.435
Total Nacional;;28 años;Españoles;Mujeres;2002;323.300
Total Nacional;;28 años;Españoles;Mujeres;2001;323.209
Total Nacional;;28 años;Españoles;Mujeres;2000;319.170
Total Nacional;;28 años;Extranjeros;Hombres;2006;73.921
Total Nacional;;28 años;Extranjeros;Hombres;2005;66.181
Total Nacional;;28 años;Extranjeros;Hombres;2004;52.680
Total Nacional;;28 años;Extranjeros;Hombres;2003;45.379
Total Nacional;;28 años;Extranjeros;Hombres;2002;31.693
Total Nacional;;28 años;Extranjeros;Hombres;2001;20.561
Total Nacional;;28 años;Extranjeros;Hombres;2000;10.181
Total Nacional;;28 años;Extranjeros;Mujeres;2006;59.641
Total Nacional;;28 años;Extranjeros;Mujeres;2005;53.271
Total Nacional;;28 años;Extranjeros;Mujeres;2004;43.128
Total Nacional;;28 años;Extranjeros;Mujeres;2003;36.830
Total Nacional;;28 años;Extranjeros;Mujeres;2002;26.180
Total Nacional;;28 años;Extranjeros;Mujeres;2001;17.302
Total Nacional;;28 años;Extranjeros;Mujeres;2000;10.041
Total Nacional;;29 años;Españoles;Hombres;2006;345.936
Total Nacional;;29 años;Españoles;Hombres;2005;345.985
Total Nacional;;29 años;Españoles;Hombres;2004;342.804
Total Nacional;;29 años;Españoles;Hombres;2003;337.727
Total Nacional;;29 años;Españoles;Hombres;2002;336.109
Total Nacional;;29 años;Españoles;Hombres;2001;331.404
Total Nacional;;29 años;Españoles;Hombres;2000;326.040
Total Nacional;;29 años;Españoles;Mujeres;2006;331.781
Total Nacional;;29 años;Españoles;Mujeres;2005;330.688
Total Nacional;;29 años;Españoles;Mujeres;2004;329.297
Total Nacional;;29 años;Españoles;Mujeres;2003;323.635
Total Nacional;;29 años;Españoles;Mujeres;2002;323.740
Total Nacional;;29 años;Españoles;Mujeres;2001;319.212
Total Nacional;;29 años;Españoles;Mujeres;2000;316.575
Total Nacional;;29 años;Extranjeros;Hombres;2006;73.703
Total Nacional;;29 años;Extranjeros;Hombres;2005;66.479
Total Nacional;;29 años;Extranjeros;Hombres;2004;52.526
Total Nacional;;29 años;Extranjeros;Hombres;2003;44.547
Total Nacional;;29 años;Extranjeros;Hombres;2002;32.951
Total Nacional;;29 años;Extranjeros;Hombres;2001;20.211
Total Nacional;;29 años;Extranjeros;Hombres;2000;11.847
Total Nacional;;29 años;Extranjeros;Mujeres;2006;58.563
Total Nacional;;29 años;Extranjeros;Mujeres;2005;52.180
Total Nacional;;29 años;Extranjeros;Mujeres;2004;42.557
Total Nacional;;29 años;Extranjeros;Mujeres;2003;35.744
Total Nacional;;29 años;Extranjeros;Mujeres;2002;26.111
Total Nacional;;29 años;Extranjeros;Mujeres;2001;17.516
Total Nacional;;29 años;Extranjeros;Mujeres;2000;10.689
Total Nacional;;30 años;Españoles;Hombres;2006;346.671
Total Nacional;;30 años;Españoles;Hombres;2005;343.743
Total Nacional;;30 años;Españoles;Hombres;2004;337.837
Total Nacional;;30 años;Españoles;Hombres;2003;336.728
Total Nacional;;30 años;Españoles;Hombres;2002;332.341
Total Nacional;;30 años;Españoles;Hombres;2001;327.005
Total Nacional;;30 años;Españoles;Hombres;2000;323.167
Total Nacional;;30 años;Españoles;Mujeres;2006;331.460
Total Nacional;;30 años;Españoles;Mujeres;2005;330.571
Total Nacional;;30 años;Españoles;Mujeres;2004;323.481
Total Nacional;;30 años;Españoles;Mujeres;2003;324.132
Total Nacional;;30 años;Españoles;Mujeres;2002;319.826
Total Nacional;;30 años;Españoles;Mujeres;2001;316.499
Total Nacional;;30 años;Españoles;Mujeres;2000;315.570
Total Nacional;;30 años;Extranjeros;Hombres;2006;73.245
Total Nacional;;30 años;Extranjeros;Hombres;2005;65.738
Total Nacional;;30 años;Extranjeros;Hombres;2004;51.008
Total Nacional;;30 años;Extranjeros;Hombres;2003;45.319
Total Nacional;;30 años;Extranjeros;Hombres;2002;31.853
Total Nacional;;30 años;Extranjeros;Hombres;2001;22.009
Total Nacional;;30 años;Extranjeros;Hombres;2000;12.114
Total Nacional;;30 años;Extranjeros;Mujeres;2006;56.729
Total Nacional;;30 años;Extranjeros;Mujeres;2005;50.809
Total Nacional;;30 años;Extranjeros;Mujeres;2004;40.765
Total Nacional;;30 años;Extranjeros;Mujeres;2003;35.324
Total Nacional;;30 años;Extranjeros;Mujeres;2002;25.997
Total Nacional;;30 años;Extranjeros;Mujeres;2001;18.137
Total Nacional;;30 años;Extranjeros;Mujeres;2000;10.715
Total Nacional;;31 años;Españoles;Hombres;2006;344.612
Total Nacional;;31 años;Españoles;Hombres;2005;338.872
Total Nacional;;31 años;Españoles;Hombres;2004;336.908
Total Nacional;;31 años;Españoles;Hombres;2003;333.043
Total Nacional;;31 años;Españoles;Hombres;2002;327.957
Total Nacional;;31 años;Españoles;Hombres;2001;324.338
Total Nacional;;31 años;Españoles;Hombres;2000;321.461
Total Nacional;;31 años;Españoles;Mujeres;2006;331.479
Total Nacional;;31 años;Españoles;Mujeres;2005;324.515
Total Nacional;;31 años;Españoles;Mujeres;2004;324.278
Total Nacional;;31 años;Españoles;Mujeres;2003;320.524
Total Nacional;;31 años;Españoles;Mujeres;2002;317.095
Total Nacional;;31 años;Españoles;Mujeres;2001;315.951
Total Nacional;;31 años;Españoles;Mujeres;2000;315.201
Total Nacional;;31 años;Extranjeros;Hombres;2006;71.988
Total Nacional;;31 años;Extranjeros;Hombres;2005;62.788
Total Nacional;;31 años;Extranjeros;Hombres;2004;51.120
Total Nacional;;31 años;Extranjeros;Hombres;2003;43.296
Total Nacional;;31 años;Extranjeros;Hombres;2002;33.572
Total Nacional;;31 años;Extranjeros;Hombres;2001;21.630
Total Nacional;;31 años;Extranjeros;Hombres;2000;12.882
Total Nacional;;31 años;Extranjeros;Mujeres;2006;54.862
Total Nacional;;31 años;Extranjeros;Mujeres;2005;48.266
Total Nacional;;31 años;Extranjeros;Mujeres;2004;39.656
Total Nacional;;31 años;Extranjeros;Mujeres;2003;34.394
Total Nacional;;31 años;Extranjeros;Mujeres;2002;26.298
Total Nacional;;31 años;Extranjeros;Mujeres;2001;17.377
Total Nacional;;31 años;Extranjeros;Mujeres;2000;11.246
Total Nacional;;32 años;Españoles;Hombres;2006;339.598
Total Nacional;;32 años;Españoles;Hombres;2005;337.778
Total Nacional;;32 años;Españoles;Hombres;2004;333.185
Total Nacional;;32 años;Españoles;Hombres;2003;328.544
Total Nacional;;32 años;Españoles;Hombres;2002;325.413
Total Nacional;;32 años;Españoles;Hombres;2001;322.653
Total Nacional;;32 años;Españoles;Hombres;2000;326.180
Total Nacional;;32 años;Españoles;Mujeres;2006;325.601
Total Nacional;;32 años;Españoles;Mujeres;2005;325.319
Total Nacional;;32 años;Españoles;Mujeres;2004;320.859
Total Nacional;;32 años;Españoles;Mujeres;2003;317.910
Total Nacional;;32 años;Españoles;Mujeres;2002;316.754
Total Nacional;;32 años;Españoles;Mujeres;2001;315.630
Total Nacional;;32 años;Españoles;Mujeres;2000;321.136
Total Nacional;;32 años;Extranjeros;Hombres;2006;67.902
Total Nacional;;32 años;Extranjeros;Hombres;2005;62.602
Total Nacional;;32 años;Extranjeros;Hombres;2004;48.398
Total Nacional;;32 años;Extranjeros;Hombres;2003;44.590
Total Nacional;;32 años;Extranjeros;Hombres;2002;32.334
Total Nacional;;32 años;Extranjeros;Hombres;2001;21.715
Total Nacional;;32 años;Extranjeros;Hombres;2000;12.621
Total Nacional;;32 años;Extranjeros;Mujeres;2006;51.830
Total Nacional;;32 años;Extranjeros;Mujeres;2005;46.920
Total Nacional;;32 años;Extranjeros;Mujeres;2004;38.506
Total Nacional;;32 años;Extranjeros;Mujeres;2003;34.357
Total Nacional;;32 años;Extranjeros;Mujeres;2002;24.914
Total Nacional;;32 años;Extranjeros;Mujeres;2001;17.457
Total Nacional;;32 años;Extranjeros;Mujeres;2000;11.026
Total Nacional;;33 años;Españoles;Hombres;2006;338.622
Total Nacional;;33 años;Españoles;Hombres;2005;334.162
Total Nacional;;33 años;Españoles;Hombres;2004;328.869
Total Nacional;;33 años;Españoles;Hombres;2003;326.393
Total Nacional;;33 años;Españoles;Hombres;2002;323.859
Total Nacional;;33 años;Españoles;Hombres;2001;327.400
Total Nacional;;33 años;Españoles;Hombres;2000;322.225
Total Nacional;;33 años;Españoles;Mujeres;2006;326.321
Total Nacional;;33 años;Españoles;Mujeres;2005;321.972
Total Nacional;;33 años;Españoles;Mujeres;2004;318.257
Total Nacional;;33 años;Españoles;Mujeres;2003;317.698
Total Nacional;;33 años;Españoles;Mujeres;2002;316.459
Total Nacional;;33 años;Españoles;Mujeres;2001;321.854
Total Nacional;;33 años;Españoles;Mujeres;2000;317.160
Total Nacional;;33 años;Extranjeros;Hombres;2006;67.496
Total Nacional;;33 años;Extranjeros;Hombres;2005;58.522
Total Nacional;;33 años;Extranjeros;Hombres;2004;49.353
Total Nacional;;33 años;Extranjeros;Hombres;2003;42.280
Total Nacional;;33 años;Extranjeros;Hombres;2002;31.564
Total Nacional;;33 años;Extranjeros;Hombres;2001;20.703
Total Nacional;;33 años;Extranjeros;Hombres;2000;13.227
Total Nacional;;33 años;Extranjeros;Mujeres;2006;50.214
Total Nacional;;33 años;Extranjeros;Mujeres;2005;45.075
Total Nacional;;33 años;Extranjeros;Mujeres;2004;37.753
Total Nacional;;33 años;Extranjeros;Mujeres;2003;32.230
Total Nacional;;33 años;Extranjeros;Mujeres;2002;24.662
Total Nacional;;33 años;Extranjeros;Mujeres;2001;16.785
Total Nacional;;33 años;Extranjeros;Mujeres;2000;11.246
Total Nacional;;34 años;Españoles;Hombres;2006;335.078
Total Nacional;;34 años;Españoles;Hombres;2005;329.919
Total Nacional;;34 años;Españoles;Hombres;2004;326.886
Total Nacional;;34 años;Españoles;Hombres;2003;324.854
Total Nacional;;34 años;Españoles;Hombres;2002;328.492
Total Nacional;;34 años;Españoles;Hombres;2001;323.756
Total Nacional;;34 años;Españoles;Hombres;2000;321.611
Total Nacional;;34 años;Españoles;Mujeres;2006;323.097
Total Nacional;;34 años;Españoles;Mujeres;2005;319.423
Total Nacional;;34 años;Españoles;Mujeres;2004;318.180
Total Nacional;;34 años;Españoles;Mujeres;2003;317.501
Total Nacional;;34 años;Españoles;Mujeres;2002;322.795
Total Nacional;;34 años;Españoles;Mujeres;2001;317.890
Total Nacional;;34 años;Españoles;Mujeres;2000;318.225
Total Nacional;;34 años;Extranjeros;Hombres;2006;62.976
Total Nacional;;34 años;Extranjeros;Hombres;2005;59.713
Total Nacional;;34 años;Extranjeros;Hombres;2004;46.319
Total Nacional;;34 años;Extranjeros;Hombres;2003;41.050
Total Nacional;;34 años;Extranjeros;Hombres;2002;29.641
Total Nacional;;34 años;Extranjeros;Hombres;2001;20.478
Total Nacional;;34 años;Extranjeros;Hombres;2000;12.737
Total Nacional;;34 años;Extranjeros;Mujeres;2006;47.958
Total Nacional;;34 años;Extranjeros;Mujeres;2005;44.130
Total Nacional;;34 años;Extranjeros;Mujeres;2004;35.614
Total Nacional;;34 años;Extranjeros;Mujeres;2003;31.597
Total Nacional;;34 años;Extranjeros;Mujeres;2002;23.318
Total Nacional;;34 años;Extranjeros;Mujeres;2001;16.458
Total Nacional;;34 años;Extranjeros;Mujeres;2000;11.259
Total Nacional;;35 años;Españoles;Hombres;2006;330.652
Total Nacional;;35 años;Españoles;Hombres;2005;327.919
Total Nacional;;35 años;Españoles;Hombres;2004;325.365
Total Nacional;;35 años;Españoles;Hombres;2003;329.901
Total Nacional;;35 años;Españoles;Hombres;2002;324.931
Total Nacional;;35 años;Españoles;Hombres;2001;322.934
Total Nacional;;35 años;Españoles;Hombres;2000;327.644
Total Nacional;;35 años;Españoles;Mujeres;2006;320.488
Total Nacional;;35 años;Españoles;Mujeres;2005;319.346
Total Nacional;;35 años;Españoles;Mujeres;2004;318.068
Total Nacional;;35 años;Españoles;Mujeres;2003;323.890
Total Nacional;;35 años;Españoles;Mujeres;2002;318.704
Total Nacional;;35 años;Españoles;Mujeres;2001;318.888
Total Nacional;;35 años;Españoles;Mujeres;2000;325.138
Total Nacional;;35 años;Extranjeros;Hombres;2006;63.941
Total Nacional;;35 años;Extranjeros;Hombres;2005;55.382
Total Nacional;;35 años;Extranjeros;Hombres;2004;44.979
Total Nacional;;35 años;Extranjeros;Hombres;2003;38.165
Total Nacional;;35 años;Extranjeros;Hombres;2002;28.506
Total Nacional;;35 años;Extranjeros;Hombres;2001;19.457
Total Nacional;;35 años;Extranjeros;Hombres;2000;12.530
Total Nacional;;35 años;Extranjeros;Mujeres;2006;46.834
Total Nacional;;35 años;Extranjeros;Mujeres;2005;41.840
Total Nacional;;35 años;Extranjeros;Mujeres;2004;34.547
Total Nacional;;35 años;Extranjeros;Mujeres;2003;29.709
Total Nacional;;35 años;Extranjeros;Mujeres;2002;22.448
Total Nacional;;35 años;Extranjeros;Mujeres;2001;16.364
Total Nacional;;35 años;Extranjeros;Mujeres;2000;11.144
Total Nacional;;36 años;Españoles;Hombres;2006;328.948
Total Nacional;;36 años;Españoles;Hombres;2005;326.411
Total Nacional;;36 años;Españoles;Hombres;2004;330.554
Total Nacional;;36 años;Españoles;Hombres;2003;325.968
Total Nacional;;36 años;Españoles;Hombres;2002;324.006
Total Nacional;;36 años;Españoles;Hombres;2001;329.027
Total Nacional;;36 años;Españoles;Hombres;2000;313.949
Total Nacional;;36 años;Españoles;Mujeres;2006;320.405
Total Nacional;;36 años;Españoles;Mujeres;2005;319.181
Total Nacional;;36 años;Españoles;Mujeres;2004;324.514
Total Nacional;;36 años;Españoles;Mujeres;2003;319.982
Total Nacional;;36 años;Españoles;Mujeres;2002;319.743
Total Nacional;;36 años;Españoles;Mujeres;2001;325.849
Total Nacional;;36 años;Españoles;Mujeres;2000;310.485
Total Nacional;;36 años;Extranjeros;Hombres;2006;58.906
Total Nacional;;36 años;Extranjeros;Hombres;2005;53.839
Total Nacional;;36 años;Extranjeros;Hombres;2004;41.212
Total Nacional;;36 años;Extranjeros;Hombres;2003;35.992
Total Nacional;;36 años;Extranjeros;Hombres;2002;27.054
Total Nacional;;36 años;Extranjeros;Hombres;2001;18.842
Total Nacional;;36 años;Extranjeros;Hombres;2000;11.815
Total Nacional;;36 años;Extranjeros;Mujeres;2006;44.471
Total Nacional;;36 años;Extranjeros;Mujeres;2005;40.586
Total Nacional;;36 años;Extranjeros;Mujeres;2004;32.296
Total Nacional;;36 años;Extranjeros;Mujeres;2003;28.159
Total Nacional;;36 años;Extranjeros;Mujeres;2002;22.090
Total Nacional;;36 años;Extranjeros;Mujeres;2001;15.937
Total Nacional;;36 años;Extranjeros;Mujeres;2000;10.569
Total Nacional;;37 años;Españoles;Hombres;2006;327.321
Total Nacional;;37 años;Españoles;Hombres;2005;331.444
Total Nacional;;37 años;Españoles;Hombres;2004;326.615
Total Nacional;;37 años;Españoles;Hombres;2003;324.992
Total Nacional;;37 años;Españoles;Hombres;2002;330.205
Total Nacional;;37 años;Españoles;Hombres;2001;315.473
Total Nacional;;37 años;Españoles;Hombres;2000;303.879
Total Nacional;;37 años;Españoles;Mujeres;2006;320.167
Total Nacional;;37 años;Españoles;Mujeres;2005;325.577
Total Nacional;;37 años;Españoles;Mujeres;2004;320.618
Total Nacional;;37 años;Españoles;Mujeres;2003;320.734
Total Nacional;;37 años;Españoles;Mujeres;2002;326.599
Total Nacional;;37 años;Españoles;Mujeres;2001;311.145
Total Nacional;;37 años;Españoles;Mujeres;2000;302.422
Total Nacional;;37 años;Extranjeros;Hombres;2006;57.371
Total Nacional;;37 años;Extranjeros;Hombres;2005;49.128
Total Nacional;;37 años;Extranjeros;Hombres;2004;38.349
Total Nacional;;37 años;Extranjeros;Hombres;2003;34.127
Total Nacional;;37 años;Extranjeros;Hombres;2002;26.042
Total Nacional;;37 años;Extranjeros;Hombres;2001;17.520
Total Nacional;;37 años;Extranjeros;Hombres;2000;11.180
Total Nacional;;37 años;Extranjeros;Mujeres;2006;43.037
Total Nacional;;37 años;Extranjeros;Mujeres;2005;37.707
Total Nacional;;37 años;Extranjeros;Mujeres;2004;30.306
Total Nacional;;37 años;Extranjeros;Mujeres;2003;27.521
Total Nacional;;37 años;Extranjeros;Mujeres;2002;21.395
Total Nacional;;37 años;Extranjeros;Mujeres;2001;15.109
Total Nacional;;37 años;Extranjeros;Mujeres;2000;10.127
Total Nacional;;38 años;Españoles;Hombres;2006;332.307
Total Nacional;;38 años;Españoles;Hombres;2005;327.475
Total Nacional;;38 años;Españoles;Hombres;2004;325.608
Total Nacional;;38 años;Españoles;Hombres;2003;331.507
Total Nacional;;38 años;Españoles;Hombres;2002;316.413
Total Nacional;;38 años;Españoles;Hombres;2001;305.233
Total Nacional;;38 años;Españoles;Hombres;2000;298.568
Total Nacional;;38 años;Españoles;Mujeres;2006;326.519
Total Nacional;;38 años;Españoles;Mujeres;2005;321.521
Total Nacional;;38 años;Españoles;Mujeres;2004;321.325
Total Nacional;;38 años;Españoles;Mujeres;2003;327.610
Total Nacional;;38 años;Españoles;Mujeres;2002;311.816
Total Nacional;;38 años;Españoles;Mujeres;2001;303.157
Total Nacional;;38 años;Españoles;Mujeres;2000;298.355
Total Nacional;;38 años;Extranjeros;Hombres;2006;52.357
Total Nacional;;38 años;Extranjeros;Hombres;2005;45.148
Total Nacional;;38 años;Extranjeros;Hombres;2004;36.323
Total Nacional;;38 años;Extranjeros;Hombres;2003;32.739
Total Nacional;;38 años;Extranjeros;Hombres;2002;24.027
Total Nacional;;38 años;Extranjeros;Hombres;2001;16.343
Total Nacional;;38 años;Extranjeros;Hombres;2000;9.911
Total Nacional;;38 años;Extranjeros;Mujeres;2006;40.140
Total Nacional;;38 años;Extranjeros;Mujeres;2005;34.858
Total Nacional;;38 años;Extranjeros;Mujeres;2004;29.390
Total Nacional;;38 años;Extranjeros;Mujeres;2003;26.575
Total Nacional;;38 años;Extranjeros;Mujeres;2002;20.117
Total Nacional;;38 años;Extranjeros;Mujeres;2001;14.235
Total Nacional;;38 años;Extranjeros;Mujeres;2000;9.299
Total Nacional;;39 años;Españoles;Hombres;2006;328.305
Total Nacional;;39 años;Españoles;Hombres;2005;326.312
Total Nacional;;39 años;Españoles;Hombres;2004;331.964
Total Nacional;;39 años;Españoles;Hombres;2003;317.551
Total Nacional;;39 años;Españoles;Hombres;2002;306.018
Total Nacional;;39 años;Españoles;Hombres;2001;299.812
Total Nacional;;39 años;Españoles;Hombres;2000;302.720
Total Nacional;;39 años;Españoles;Mujeres;2006;322.443
Total Nacional;;39 años;Españoles;Mujeres;2005;322.259
Total Nacional;;39 años;Españoles;Mujeres;2004;328.246
Total Nacional;;39 años;Españoles;Mujeres;2003;312.786
Total Nacional;;39 años;Españoles;Mujeres;2002;303.769
Total Nacional;;39 años;Españoles;Mujeres;2001;298.994
Total Nacional;;39 años;Españoles;Mujeres;2000;302.709
Total Nacional;;39 años;Extranjeros;Hombres;2006;47.657
Total Nacional;;39 años;Extranjeros;Hombres;2005;42.657
Total Nacional;;39 años;Extranjeros;Hombres;2004;34.755
Total Nacional;;39 años;Extranjeros;Hombres;2003;30.039
Total Nacional;;39 años;Extranjeros;Hombres;2002;22.436
Total Nacional;;39 años;Extranjeros;Hombres;2001;14.519
Total Nacional;;39 años;Extranjeros;Hombres;2000;10.302
Total Nacional;;39 años;Extranjeros;Mujeres;2006;36.708
Total Nacional;;39 años;Extranjeros;Mujeres;2005;33.784
Total Nacional;;39 años;Extranjeros;Mujeres;2004;28.252
Total Nacional;;39 años;Extranjeros;Mujeres;2003;25.096
Total Nacional;;39 años;Extranjeros;Mujeres;2002;18.932
Total Nacional;;39 años;Extranjeros;Mujeres;2001;12.933
Total Nacional;;39 años;Extranjeros;Mujeres;2000;9.376
Total Nacional;;40 años;Españoles;Hombres;2006;327.045
Total Nacional;;40 años;Españoles;Hombres;2005;332.737
Total Nacional;;40 años;Españoles;Hombres;2004;317.982
Total Nacional;;40 años;Españoles;Hombres;2003;307.155
Total Nacional;;40 años;Españoles;Hombres;2002;300.704
Total Nacional;;40 años;Españoles;Hombres;2001;303.958
Total Nacional;;40 años;Españoles;Hombres;2000;295.841
Total Nacional;;40 años;Españoles;Mujeres;2006;323.175
Total Nacional;;40 años;Españoles;Mujeres;2005;329.137
Total Nacional;;40 años;Españoles;Mujeres;2004;313.342
Total Nacional;;40 años;Españoles;Mujeres;2003;304.844
Total Nacional;;40 años;Españoles;Mujeres;2002;299.705
Total Nacional;;40 años;Españoles;Mujeres;2001;303.248
Total Nacional;;40 años;Españoles;Mujeres;2000;295.991
Total Nacional;;40 años;Extranjeros;Hombres;2006;44.829
Total Nacional;;40 años;Extranjeros;Hombres;2005;40.769
Total Nacional;;40 años;Extranjeros;Hombres;2004;31.874
Total Nacional;;40 años;Extranjeros;Hombres;2003;28.245
Total Nacional;;40 años;Extranjeros;Hombres;2002;19.845
Total Nacional;;40 años;Extranjeros;Hombres;2001;14.571
Total Nacional;;40 años;Extranjeros;Hombres;2000;9.067
Total Nacional;;40 años;Extranjeros;Mujeres;2006;35.418
Total Nacional;;40 años;Extranjeros;Mujeres;2005;32.541
Total Nacional;;40 años;Extranjeros;Mujeres;2004;26.763
Total Nacional;;40 años;Extranjeros;Mujeres;2003;23.423
Total Nacional;;40 años;Extranjeros;Mujeres;2002;17.081
Total Nacional;;40 años;Extranjeros;Mujeres;2001;12.844
Total Nacional;;40 años;Extranjeros;Mujeres;2000;8.722
Total Nacional;;41 años;Españoles;Hombres;2006;333.372
Total Nacional;;41 años;Españoles;Hombres;2005;318.583
Total Nacional;;41 años;Españoles;Hombres;2004;307.479
Total Nacional;;41 años;Españoles;Hombres;2003;301.814
Total Nacional;;41 años;Españoles;Hombres;2002;304.697
Total Nacional;;41 años;Españoles;Hombres;2001;297.105
Total Nacional;;41 años;Españoles;Hombres;2000;291.244
Total Nacional;;41 años;Españoles;Mujeres;2006;329.970
Total Nacional;;41 años;Españoles;Mujeres;2005;314.053
Total Nacional;;41 años;Españoles;Mujeres;2004;305.390
Total Nacional;;41 años;Españoles;Mujeres;2003;300.787
Total Nacional;;41 años;Españoles;Mujeres;2002;303.810
Total Nacional;;41 años;Españoles;Mujeres;2001;296.502
Total Nacional;;41 años;Españoles;Mujeres;2000;291.677
Total Nacional;;41 años;Extranjeros;Hombres;2006;42.937
Total Nacional;;41 años;Extranjeros;Hombres;2005;37.292
Total Nacional;;41 años;Extranjeros;Hombres;2004;29.821
Total Nacional;;41 años;Extranjeros;Hombres;2003;24.884
Total Nacional;;41 años;Extranjeros;Hombres;2002;19.998
Total Nacional;;41 años;Extranjeros;Hombres;2001;12.895
Total Nacional;;41 años;Extranjeros;Hombres;2000;8.884
Total Nacional;;41 años;Extranjeros;Mujeres;2006;34.198
Total Nacional;;41 años;Extranjeros;Mujeres;2005;30.739
Total Nacional;;41 años;Extranjeros;Mujeres;2004;24.850
Total Nacional;;41 años;Extranjeros;Mujeres;2003;21.170
Total Nacional;;41 años;Extranjeros;Mujeres;2002;16.882
Total Nacional;;41 años;Extranjeros;Mujeres;2001;11.705
Total Nacional;;41 años;Extranjeros;Mujeres;2000;8.216
Total Nacional;;42 años;Españoles;Hombres;2006;319.141
Total Nacional;;42 años;Españoles;Hombres;2005;307.982
Total Nacional;;42 años;Españoles;Hombres;2004;302.214
Total Nacional;;42 años;Españoles;Hombres;2003;305.611
Total Nacional;;42 años;Españoles;Hombres;2002;298.022
Total Nacional;;42 años;Españoles;Hombres;2001;292.248
Total Nacional;;42 años;Españoles;Hombres;2000;285.775
Total Nacional;;42 años;Españoles;Mujeres;2006;314.745
Total Nacional;;42 años;Españoles;Mujeres;2005;306.040
Total Nacional;;42 años;Españoles;Mujeres;2004;301.255
Total Nacional;;42 años;Españoles;Mujeres;2003;304.755
Total Nacional;;42 años;Españoles;Mujeres;2002;297.056
Total Nacional;;42 años;Españoles;Mujeres;2001;292.219
Total Nacional;;42 años;Españoles;Mujeres;2000;286.921
Total Nacional;;42 años;Extranjeros;Hombres;2006;39.332
Total Nacional;;42 años;Extranjeros;Hombres;2005;35.079
Total Nacional;;42 años;Extranjeros;Hombres;2004;26.400
Total Nacional;;42 años;Extranjeros;Hombres;2003;25.007
Total Nacional;;42 años;Extranjeros;Hombres;2002;17.442
Total Nacional;;42 años;Extranjeros;Hombres;2001;12.362
Total Nacional;;42 años;Extranjeros;Hombres;2000;7.952
Total Nacional;;42 años;Extranjeros;Mujeres;2006;32.584
Total Nacional;;42 años;Extranjeros;Mujeres;2005;28.654
Total Nacional;;42 años;Extranjeros;Mujeres;2004;22.554
Total Nacional;;42 años;Extranjeros;Mujeres;2003;20.703
Total Nacional;;42 años;Extranjeros;Mujeres;2002;15.334
Total Nacional;;42 años;Extranjeros;Mujeres;2001;10.985
Total Nacional;;42 años;Extranjeros;Mujeres;2000;7.593
Total Nacional;;43 años;Españoles;Hombres;2006;308.500
Total Nacional;;43 años;Españoles;Hombres;2005;302.755
Total Nacional;;43 años;Españoles;Hombres;2004;305.682
Total Nacional;;43 años;Españoles;Hombres;2003;298.907
Total Nacional;;43 años;Españoles;Hombres;2002;292.788
Total Nacional;;43 años;Españoles;Hombres;2001;286.889
Total Nacional;;43 años;Españoles;Hombres;2000;267.581
Total Nacional;;43 años;Españoles;Mujeres;2006;306.713
Total Nacional;;43 años;Españoles;Mujeres;2005;301.736
Total Nacional;;43 años;Españoles;Mujeres;2004;305.079
Total Nacional;;43 años;Españoles;Mujeres;2003;297.897
Total Nacional;;43 años;Españoles;Mujeres;2002;292.639
Total Nacional;;43 años;Españoles;Mujeres;2001;287.393
Total Nacional;;43 años;Españoles;Mujeres;2000;268.374
Total Nacional;;43 años;Extranjeros;Hombres;2006;36.855
Total Nacional;;43 años;Extranjeros;Hombres;2005;30.906
Total Nacional;;43 años;Extranjeros;Hombres;2004;26.474
Total Nacional;;43 años;Extranjeros;Hombres;2003;21.895
Total Nacional;;43 años;Extranjeros;Hombres;2002;16.592
Total Nacional;;43 años;Extranjeros;Hombres;2001;11.081
Total Nacional;;43 años;Extranjeros;Hombres;2000;7.701
Total Nacional;;43 años;Extranjeros;Mujeres;2006;30.018
Total Nacional;;43 años;Extranjeros;Mujeres;2005;26.223
Total Nacional;;43 años;Extranjeros;Mujeres;2004;22.078
Total Nacional;;43 años;Extranjeros;Mujeres;2003;18.900
Total Nacional;;43 años;Extranjeros;Mujeres;2002;14.321
Total Nacional;;43 años;Extranjeros;Mujeres;2001;10.171
Total Nacional;;43 años;Extranjeros;Mujeres;2000;7.207
Total Nacional;;44 años;Españoles;Hombres;2006;303.141
Total Nacional;;44 años;Españoles;Hombres;2005;305.973
Total Nacional;;44 años;Españoles;Hombres;2004;299.050
Total Nacional;;44 años;Españoles;Hombres;2003;293.490
Total Nacional;;44 años;Españoles;Hombres;2002;287.384
Total Nacional;;44 años;Españoles;Hombres;2001;268.279
Total Nacional;;44 años;Españoles;Hombres;2000;260.441
Total Nacional;;44 años;Españoles;Mujeres;2006;302.268
Total Nacional;;44 años;Españoles;Mujeres;2005;305.550
Total Nacional;;44 años;Españoles;Mujeres;2004;298.379
Total Nacional;;44 años;Españoles;Mujeres;2003;293.372
Total Nacional;;44 años;Españoles;Mujeres;2002;287.753
Total Nacional;;44 años;Españoles;Mujeres;2001;268.753
Total Nacional;;44 años;Españoles;Mujeres;2000;261.860
Total Nacional;;44 años;Extranjeros;Hombres;2006;32.564
Total Nacional;;44 años;Extranjeros;Hombres;2005;30.920
Total Nacional;;44 años;Extranjeros;Hombres;2004;23.052
Total Nacional;;44 años;Extranjeros;Hombres;2003;20.795
Total Nacional;;44 años;Extranjeros;Hombres;2002;15.079
Total Nacional;;44 años;Extranjeros;Hombres;2001;10.719
Total Nacional;;44 años;Extranjeros;Hombres;2000;7.056
Total Nacional;;44 años;Extranjeros;Mujeres;2006;27.701
Total Nacional;;44 años;Extranjeros;Mujeres;2005;25.414
Total Nacional;;44 años;Extranjeros;Mujeres;2004;20.086
Total Nacional;;44 años;Extranjeros;Mujeres;2003;17.785
Total Nacional;;44 años;Extranjeros;Mujeres;2002;13.429
Total Nacional;;44 años;Extranjeros;Mujeres;2001;9.603
Total Nacional;;44 años;Extranjeros;Mujeres;2000;6.848
Total Nacional;;45 años;Españoles;Hombres;2006;306.216
Total Nacional;;45 años;Españoles;Hombres;2005;299.311
Total Nacional;;45 años;Españoles;Hombres;2004;293.616
Total Nacional;;45 años;Españoles;Hombres;2003;287.837
Total Nacional;;45 años;Españoles;Hombres;2002;268.626
Total Nacional;;45 años;Españoles;Hombres;2001;261.161
Total Nacional;;45 años;Españoles;Hombres;2000;249.194
Total Nacional;;45 años;Españoles;Mujeres;2006;306.020
Total Nacional;;45 años;Españoles;Mujeres;2005;298.840
Total Nacional;;45 años;Españoles;Mujeres;2004;293.662
Total Nacional;;45 años;Españoles;Mujeres;2003;288.251
Total Nacional;;45 años;Españoles;Mujeres;2002;268.958
Total Nacional;;45 años;Españoles;Mujeres;2001;262.186
Total Nacional;;45 años;Españoles;Mujeres;2000;251.751
Total Nacional;;45 años;Extranjeros;Hombres;2006;32.432
Total Nacional;;45 años;Extranjeros;Hombres;2005;27.200
Total Nacional;;45 años;Extranjeros;Hombres;2004;21.957
Total Nacional;;45 años;Extranjeros;Hombres;2003;18.718
Total Nacional;;45 años;Extranjeros;Hombres;2002;14.248
Total Nacional;;45 años;Extranjeros;Hombres;2001;9.638
Total Nacional;;45 años;Extranjeros;Hombres;2000;6.747
Total Nacional;;45 años;Extranjeros;Mujeres;2006;26.740
Total Nacional;;45 años;Extranjeros;Mujeres;2005;23.335
Total Nacional;;45 años;Extranjeros;Mujeres;2004;18.877
Total Nacional;;45 años;Extranjeros;Mujeres;2003;16.650
Total Nacional;;45 años;Extranjeros;Mujeres;2002;12.574
Total Nacional;;45 años;Extranjeros;Mujeres;2001;9.094
Total Nacional;;45 años;Extranjeros;Mujeres;2000;6.611
Total Nacional;;46 años;Españoles;Hombres;2006;299.479
Total Nacional;;46 años;Españoles;Hombres;2005;293.633
Total Nacional;;46 años;Españoles;Hombres;2004;287.764
Total Nacional;;46 años;Españoles;Hombres;2003;268.851
Total Nacional;;46 años;Españoles;Hombres;2002;261.389
Total Nacional;;46 años;Españoles;Hombres;2001;249.837
Total Nacional;;46 años;Españoles;Hombres;2000;252.679
Total Nacional;;46 años;Españoles;Mujeres;2006;299.272
Total Nacional;;46 años;Españoles;Mujeres;2005;294.047
Total Nacional;;46 años;Españoles;Mujeres;2004;288.390
Total Nacional;;46 años;Españoles;Mujeres;2003;269.429
Total Nacional;;46 años;Españoles;Mujeres;2002;262.369
Total Nacional;;46 años;Españoles;Mujeres;2001;252.017
Total Nacional;;46 años;Españoles;Mujeres;2000;252.782
Total Nacional;;46 años;Extranjeros;Hombres;2006;28.602
Total Nacional;;46 años;Extranjeros;Hombres;2005;25.865
Total Nacional;;46 años;Extranjeros;Hombres;2004;19.850
Total Nacional;;46 años;Extranjeros;Hombres;2003;17.672
Total Nacional;;46 años;Extranjeros;Hombres;2002;12.900
Total Nacional;;46 años;Extranjeros;Hombres;2001;8.955
Total Nacional;;46 años;Extranjeros;Hombres;2000;6.176
Total Nacional;;46 años;Extranjeros;Mujeres;2006;24.707
Total Nacional;;46 años;Extranjeros;Mujeres;2005;22.082
Total Nacional;;46 años;Extranjeros;Mujeres;2004;17.964
Total Nacional;;46 años;Extranjeros;Mujeres;2003;15.633
Total Nacional;;46 años;Extranjeros;Mujeres;2002;11.646
Total Nacional;;46 años;Extranjeros;Mujeres;2001;8.535
Total Nacional;;46 años;Extranjeros;Mujeres;2000;6.058
Total Nacional;;47 años;Españoles;Hombres;2006;293.752
Total Nacional;;47 años;Españoles;Hombres;2005;287.894
Total Nacional;;47 años;Españoles;Hombres;2004;268.731
Total Nacional;;47 años;Españoles;Hombres;2003;261.757
Total Nacional;;47 años;Españoles;Hombres;2002;250.027
Total Nacional;;47 años;Españoles;Hombres;2001;253.165
Total Nacional;;47 años;Españoles;Hombres;2000;253.533
Total Nacional;;47 años;Españoles;Mujeres;2006;294.461
Total Nacional;;47 años;Españoles;Mujeres;2005;288.712
Total Nacional;;47 años;Españoles;Mujeres;2004;269.569
Total Nacional;;47 años;Españoles;Mujeres;2003;262.825
Total Nacional;;47 años;Españoles;Mujeres;2002;252.096
Total Nacional;;47 años;Españoles;Mujeres;2001;253.155
Total Nacional;;47 años;Españoles;Mujeres;2000;252.534
Total Nacional;;47 años;Extranjeros;Hombres;2006;27.072
Total Nacional;;47 años;Extranjeros;Hombres;2005;23.347
Total Nacional;;47 años;Extranjeros;Hombres;2004;18.498
Total Nacional;;47 años;Extranjeros;Hombres;2003;16.011
Total Nacional;;47 años;Extranjeros;Hombres;2002;11.722
Total Nacional;;47 años;Extranjeros;Hombres;2001;8.126
Total Nacional;;47 años;Extranjeros;Hombres;2000;6.008
Total Nacional;;47 años;Extranjeros;Mujeres;2006;23.598
Total Nacional;;47 años;Extranjeros;Mujeres;2005;20.818
Total Nacional;;47 años;Extranjeros;Mujeres;2004;16.640
Total Nacional;;47 años;Extranjeros;Mujeres;2003;14.495
Total Nacional;;47 años;Extranjeros;Mujeres;2002;10.936
Total Nacional;;47 años;Extranjeros;Mujeres;2001;7.791
Total Nacional;;47 años;Extranjeros;Mujeres;2000;5.940
Total Nacional;;48 años;Españoles;Hombres;2006;287.830
Total Nacional;;48 años;Españoles;Hombres;2005;268.559
Total Nacional;;48 años;Españoles;Hombres;2004;261.619
Total Nacional;;48 años;Españoles;Hombres;2003;250.150
Total Nacional;;48 años;Españoles;Hombres;2002;253.162
Total Nacional;;48 años;Españoles;Hombres;2001;253.926
Total Nacional;;48 años;Españoles;Hombres;2000;236.607
Total Nacional;;48 años;Españoles;Mujeres;2006;288.998
Total Nacional;;48 años;Españoles;Mujeres;2005;269.772
Total Nacional;;48 años;Españoles;Mujeres;2004;262.880
Total Nacional;;48 años;Españoles;Mujeres;2003;252.528
Total Nacional;;48 años;Españoles;Mujeres;2002;253.261
Total Nacional;;48 años;Españoles;Mujeres;2001;252.775
Total Nacional;;48 años;Españoles;Mujeres;2000;237.477
Total Nacional;;48 años;Extranjeros;Hombres;2006;24.405
Total Nacional;;48 años;Extranjeros;Hombres;2005;21.648
Total Nacional;;48 años;Extranjeros;Hombres;2004;16.805
Total Nacional;;48 años;Extranjeros;Hombres;2003;14.408
Total Nacional;;48 años;Extranjeros;Hombres;2002;10.545
Total Nacional;;48 años;Extranjeros;Hombres;2001;7.711
Total Nacional;;48 años;Extranjeros;Hombres;2000;5.274
Total Nacional;;48 años;Extranjeros;Mujeres;2006;22.059
Total Nacional;;48 años;Extranjeros;Mujeres;2005;19.488
Total Nacional;;48 años;Extranjeros;Mujeres;2004;15.338
Total Nacional;;48 años;Extranjeros;Mujeres;2003;13.629
Total Nacional;;48 años;Extranjeros;Mujeres;2002;10.097
Total Nacional;;48 años;Extranjeros;Mujeres;2001;7.501
Total Nacional;;48 años;Extranjeros;Mujeres;2000;5.344
Total Nacional;;49 años;Españoles;Hombres;2006;268.348
Total Nacional;;49 años;Españoles;Hombres;2005;261.384
Total Nacional;;49 años;Españoles;Hombres;2004;249.713
Total Nacional;;49 años;Españoles;Hombres;2003;253.263
Total Nacional;;49 años;Españoles;Hombres;2002;253.843
Total Nacional;;49 años;Españoles;Hombres;2001;236.977
Total Nacional;;49 años;Españoles;Hombres;2000;232.734
Total Nacional;;49 años;Españoles;Mujeres;2006;270.011
Total Nacional;;49 años;Españoles;Mujeres;2005;263.012
Total Nacional;;49 años;Españoles;Mujeres;2004;252.607
Total Nacional;;49 años;Españoles;Mujeres;2003;253.500
Total Nacional;;49 años;Españoles;Mujeres;2002;252.771
Total Nacional;;49 años;Españoles;Mujeres;2001;237.732
Total Nacional;;49 años;Españoles;Mujeres;2000;233.561
Total Nacional;;49 años;Extranjeros;Hombres;2006;22.759
Total Nacional;;49 años;Extranjeros;Hombres;2005;19.586
Total Nacional;;49 años;Extranjeros;Hombres;2004;15.022
Total Nacional;;49 años;Extranjeros;Hombres;2003;13.059
Total Nacional;;49 años;Extranjeros;Hombres;2002;9.936
Total Nacional;;49 años;Extranjeros;Hombres;2001;6.703
Total Nacional;;49 años;Extranjeros;Hombres;2000;5.460
Total Nacional;;49 años;Extranjeros;Mujeres;2006;20.662
Total Nacional;;49 años;Extranjeros;Mujeres;2005;18.026
Total Nacional;;49 años;Extranjeros;Mujeres;2004;14.478
Total Nacional;;49 años;Extranjeros;Mujeres;2003;12.577
Total Nacional;;49 años;Extranjeros;Mujeres;2002;9.651
Total Nacional;;49 años;Extranjeros;Mujeres;2001;6.691
Total Nacional;;49 años;Extranjeros;Mujeres;2000;5.408
Total Nacional;;50 años;Españoles;Hombres;2006;261.203
Total Nacional;;50 años;Españoles;Hombres;2005;249.428
Total Nacional;;50 años;Españoles;Hombres;2004;252.902
Total Nacional;;50 años;Españoles;Hombres;2003;253.878
Total Nacional;;50 años;Españoles;Hombres;2002;236.789
Total Nacional;;50 años;Españoles;Hombres;2001;232.972
Total Nacional;;50 años;Españoles;Hombres;2000;241.890
Total Nacional;;50 años;Españoles;Mujeres;2006;263.141
Total Nacional;;50 años;Españoles;Mujeres;2005;252.784
Total Nacional;;50 años;Españoles;Mujeres;2004;253.562
Total Nacional;;50 años;Españoles;Mujeres;2003;253.059
Total Nacional;;50 años;Españoles;Mujeres;2002;237.817
Total Nacional;;50 años;Españoles;Mujeres;2001;233.669
Total Nacional;;50 años;Españoles;Mujeres;2000;245.940
Total Nacional;;50 años;Extranjeros;Hombres;2006;20.465
Total Nacional;;50 años;Extranjeros;Hombres;2005;17.524
Total Nacional;;50 años;Extranjeros;Hombres;2004;13.481
Total Nacional;;50 años;Extranjeros;Hombres;2003;12.134
Total Nacional;;50 años;Extranjeros;Hombres;2002;8.655
Total Nacional;;50 años;Extranjeros;Hombres;2001;6.904
Total Nacional;;50 años;Extranjeros;Hombres;2000;4.871
Total Nacional;;50 años;Extranjeros;Mujeres;2006;19.148
Total Nacional;;50 años;Extranjeros;Mujeres;2005;17.026
Total Nacional;;50 años;Extranjeros;Mujeres;2004;13.393
Total Nacional;;50 años;Extranjeros;Mujeres;2003;11.984
Total Nacional;;50 años;Extranjeros;Mujeres;2002;8.599
Total Nacional;;50 años;Extranjeros;Mujeres;2001;6.855
Total Nacional;;50 años;Extranjeros;Mujeres;2000;5.067
Total Nacional;;51 años;Españoles;Hombres;2006;249.034
Total Nacional;;51 años;Españoles;Hombres;2005;252.467
Total Nacional;;51 años;Españoles;Hombres;2004;253.291
Total Nacional;;51 años;Españoles;Hombres;2003;236.679
Total Nacional;;51 años;Españoles;Hombres;2002;232.661
Total Nacional;;51 años;Españoles;Hombres;2001;242.113
Total Nacional;;51 años;Españoles;Hombres;2000;255.167
Total Nacional;;51 años;Españoles;Mujeres;2006;252.895
Total Nacional;;51 años;Españoles;Mujeres;2005;253.697
Total Nacional;;51 años;Españoles;Mujeres;2004;253.081
Total Nacional;;51 años;Españoles;Mujeres;2003;238.011
Total Nacional;;51 años;Españoles;Mujeres;2002;233.586
Total Nacional;;51 años;Españoles;Mujeres;2001;246.076
Total Nacional;;51 años;Españoles;Mujeres;2000;259.395
Total Nacional;;51 años;Extranjeros;Hombres;2006;18.469
Total Nacional;;51 años;Extranjeros;Hombres;2005;15.819
Total Nacional;;51 años;Extranjeros;Hombres;2004;12.526
Total Nacional;;51 años;Extranjeros;Hombres;2003;10.634
Total Nacional;;51 años;Extranjeros;Hombres;2002;8.780
Total Nacional;;51 años;Extranjeros;Hombres;2001;5.927
Total Nacional;;51 años;Extranjeros;Hombres;2000;4.757
Total Nacional;;51 años;Extranjeros;Mujeres;2006;18.092
Total Nacional;;51 años;Extranjeros;Mujeres;2005;15.801
Total Nacional;;51 años;Extranjeros;Mujeres;2004;12.777
Total Nacional;;51 años;Extranjeros;Mujeres;2003;10.843
Total Nacional;;51 años;Extranjeros;Mujeres;2002;8.719
Total Nacional;;51 años;Extranjeros;Mujeres;2001;6.222
Total Nacional;;51 años;Extranjeros;Mujeres;2000;5.033
Total Nacional;;52 años;Españoles;Hombres;2006;251.984
Total Nacional;;52 años;Españoles;Hombres;2005;252.683
Total Nacional;;52 años;Españoles;Hombres;2004;236.103
Total Nacional;;52 años;Españoles;Hombres;2003;232.412
Total Nacional;;52 años;Españoles;Hombres;2002;241.668
Total Nacional;;52 años;Españoles;Hombres;2001;255.304
Total Nacional;;52 años;Españoles;Hombres;2000;232.769
Total Nacional;;52 años;Españoles;Mujeres;2006;253.797
Total Nacional;;52 años;Españoles;Mujeres;2005;253.115
Total Nacional;;52 años;Españoles;Mujeres;2004;237.927
Total Nacional;;52 años;Españoles;Mujeres;2003;233.787
Total Nacional;;52 años;Españoles;Mujeres;2002;246.009
Total Nacional;;52 años;Españoles;Mujeres;2001;259.425
Total Nacional;;52 años;Españoles;Mujeres;2000;236.225
Total Nacional;;52 años;Extranjeros;Hombres;2006;16.708
Total Nacional;;52 años;Extranjeros;Hombres;2005;14.762
Total Nacional;;52 años;Extranjeros;Hombres;2004;10.989
Total Nacional;;52 años;Extranjeros;Hombres;2003;10.698
Total Nacional;;52 años;Extranjeros;Hombres;2002;7.457
Total Nacional;;52 años;Extranjeros;Hombres;2001;5.787
Total Nacional;;52 años;Extranjeros;Hombres;2000;4.592
Total Nacional;;52 años;Extranjeros;Mujeres;2006;16.722
Total Nacional;;52 años;Extranjeros;Mujeres;2005;15.153
Total Nacional;;52 años;Extranjeros;Mujeres;2004;11.688
Total Nacional;;52 años;Extranjeros;Mujeres;2003;10.861
Total Nacional;;52 años;Extranjeros;Mujeres;2002;7.910
Total Nacional;;52 años;Extranjeros;Mujeres;2001;6.150
Total Nacional;;52 años;Extranjeros;Mujeres;2000;4.965
Total Nacional;;53 años;Españoles;Hombres;2006;252.089
Total Nacional;;53 años;Españoles;Hombres;2005;235.488
Total Nacional;;53 años;Españoles;Hombres;2004;231.791
Total Nacional;;53 años;Españoles;Hombres;2003;241.316
Total Nacional;;53 años;Españoles;Hombres;2002;254.705
Total Nacional;;53 años;Españoles;Hombres;2001;232.641
Total Nacional;;53 años;Españoles;Hombres;2000;222.410
Total Nacional;;53 años;Españoles;Mujeres;2006;253.103
Total Nacional;;53 años;Españoles;Mujeres;2005;237.965
Total Nacional;;53 años;Españoles;Mujeres;2004;233.591
Total Nacional;;53 años;Españoles;Mujeres;2003;246.134
Total Nacional;;53 años;Españoles;Mujeres;2002;259.259
Total Nacional;;53 años;Españoles;Mujeres;2001;236.284
Total Nacional;;53 años;Españoles;Mujeres;2000;228.131
Total Nacional;;53 años;Extranjeros;Hombres;2006;15.563
Total Nacional;;53 años;Extranjeros;Hombres;2005;13.073
Total Nacional;;53 años;Extranjeros;Hombres;2004;10.893
Total Nacional;;53 años;Extranjeros;Hombres;2003;9.169
Total Nacional;;53 años;Extranjeros;Hombres;2002;7.204
Total Nacional;;53 años;Extranjeros;Hombres;2001;5.584
Total Nacional;;53 años;Extranjeros;Hombres;2000;4.291
Total Nacional;;53 años;Extranjeros;Mujeres;2006;16.294
Total Nacional;;53 años;Extranjeros;Mujeres;2005;13.838
Total Nacional;;53 años;Extranjeros;Mujeres;2004;11.481
Total Nacional;;53 años;Extranjeros;Mujeres;2003;9.975
Total Nacional;;53 años;Extranjeros;Mujeres;2002;7.816
Total Nacional;;53 años;Extranjeros;Mujeres;2001;6.078
Total Nacional;;53 años;Extranjeros;Mujeres;2000;4.608
Total Nacional;;54 años;Españoles;Hombres;2006;234.901
Total Nacional;;54 años;Españoles;Hombres;2005;231.073
Total Nacional;;54 años;Españoles;Hombres;2004;240.413
Total Nacional;;54 años;Españoles;Hombres;2003;254.184
Total Nacional;;54 años;Españoles;Hombres;2002;231.886
Total Nacional;;54 años;Españoles;Hombres;2001;222.149
Total Nacional;;54 años;Españoles;Hombres;2000;235.547
Total Nacional;;54 años;Españoles;Mujeres;2006;237.989
Total Nacional;;54 años;Españoles;Mujeres;2005;233.579
Total Nacional;;54 años;Españoles;Mujeres;2004;246.049
Total Nacional;;54 años;Españoles;Mujeres;2003;259.322
Total Nacional;;54 años;Españoles;Mujeres;2002;236.115
Total Nacional;;54 años;Españoles;Mujeres;2001;228.178
Total Nacional;;54 años;Españoles;Mujeres;2000;242.752
Total Nacional;;54 años;Extranjeros;Hombres;2006;13.890
Total Nacional;;54 años;Extranjeros;Hombres;2005;12.783
Total Nacional;;54 años;Extranjeros;Hombres;2004;9.542
Total Nacional;;54 años;Extranjeros;Hombres;2003;8.925
Total Nacional;;54 años;Extranjeros;Hombres;2002;6.929
Total Nacional;;54 años;Extranjeros;Hombres;2001;5.229
Total Nacional;;54 años;Extranjeros;Hombres;2000;4.063
Total Nacional;;54 años;Extranjeros;Mujeres;2006;14.829
Total Nacional;;54 años;Extranjeros;Mujeres;2005;13.753
Total Nacional;;54 años;Extranjeros;Mujeres;2004;10.604
Total Nacional;;54 años;Extranjeros;Mujeres;2003;9.829
Total Nacional;;54 años;Extranjeros;Mujeres;2002;7.612
Total Nacional;;54 años;Extranjeros;Mujeres;2001;5.533
Total Nacional;;54 años;Extranjeros;Mujeres;2000;4.259
Total Nacional;;55 años;Españoles;Hombres;2006;230.198
Total Nacional;;55 años;Españoles;Hombres;2005;239.580
Total Nacional;;55 años;Españoles;Hombres;2004;253.048
Total Nacional;;55 años;Españoles;Hombres;2003;231.342
Total Nacional;;55 años;Españoles;Hombres;2002;221.385
Total Nacional;;55 años;Españoles;Hombres;2001;235.266
Total Nacional;;55 años;Españoles;Hombres;2000;222.467
Total Nacional;;55 años;Españoles;Mujeres;2006;233.531
Total Nacional;;55 años;Españoles;Mujeres;2005;245.986
Total Nacional;;55 años;Españoles;Mujeres;2004;259.101
Total Nacional;;55 años;Españoles;Mujeres;2003;236.192
Total Nacional;;55 años;Españoles;Mujeres;2002;227.980
Total Nacional;;55 años;Españoles;Mujeres;2001;242.688
Total Nacional;;55 años;Españoles;Mujeres;2000;230.325
Total Nacional;;55 años;Extranjeros;Hombres;2006;13.622
Total Nacional;;55 años;Extranjeros;Hombres;2005;11.335
Total Nacional;;55 años;Extranjeros;Hombres;2004;9.266
Total Nacional;;55 años;Extranjeros;Hombres;2003;8.703
Total Nacional;;55 años;Extranjeros;Hombres;2002;6.532
Total Nacional;;55 años;Extranjeros;Hombres;2001;4.752
Total Nacional;;55 años;Extranjeros;Hombres;2000;4.133
Total Nacional;;55 años;Extranjeros;Mujeres;2006;14.839
Total Nacional;;55 años;Extranjeros;Mujeres;2005;12.755
Total Nacional;;55 años;Extranjeros;Mujeres;2004;10.392
Total Nacional;;55 años;Extranjeros;Mujeres;2003;9.598
Total Nacional;;55 años;Extranjeros;Mujeres;2002;6.960
Total Nacional;;55 años;Extranjeros;Mujeres;2001;5.083
Total Nacional;;55 años;Extranjeros;Mujeres;2000;4.438
Total Nacional;;56 años;Españoles;Hombres;2006;238.588
Total Nacional;;56 años;Españoles;Hombres;2005;251.902
Total Nacional;;56 años;Españoles;Hombres;2004;230.254
Total Nacional;;56 años;Españoles;Hombres;2003;220.758
Total Nacional;;56 años;Españoles;Hombres;2002;234.166
Total Nacional;;56 años;Españoles;Hombres;2001;221.920
Total Nacional;;56 años;Españoles;Hombres;2000;221.216
Total Nacional;;56 años;Españoles;Mujeres;2006;245.888
Total Nacional;;56 años;Españoles;Mujeres;2005;259.008
Total Nacional;;56 años;Españoles;Mujeres;2004;236.007
Total Nacional;;56 años;Españoles;Mujeres;2003;228.011
Total Nacional;;56 años;Españoles;Mujeres;2002;242.482
Total Nacional;;56 años;Españoles;Mujeres;2001;230.336
Total Nacional;;56 años;Españoles;Mujeres;2000;227.689
Total Nacional;;56 años;Extranjeros;Hombres;2006;12.241
Total Nacional;;56 años;Extranjeros;Hombres;2005;11.175
Total Nacional;;56 años;Extranjeros;Hombres;2004;9.036
Total Nacional;;56 años;Extranjeros;Hombres;2003;8.084
Total Nacional;;56 años;Extranjeros;Hombres;2002;5.856
Total Nacional;;56 años;Extranjeros;Hombres;2001;4.905
Total Nacional;;56 años;Extranjeros;Hombres;2000;4.166
Total Nacional;;56 años;Extranjeros;Mujeres;2006;13.680
Total Nacional;;56 años;Extranjeros;Mujeres;2005;12.477
Total Nacional;;56 años;Extranjeros;Mujeres;2004;10.238
Total Nacional;;56 años;Extranjeros;Mujeres;2003;8.969
Total Nacional;;56 años;Extranjeros;Mujeres;2002;6.328
Total Nacional;;56 años;Extranjeros;Mujeres;2001;5.311
Total Nacional;;56 años;Extranjeros;Mujeres;2000;4.498
Total Nacional;;57 años;Españoles;Hombres;2006;250.749
Total Nacional;;57 años;Españoles;Hombres;2005;229.163
Total Nacional;;57 años;Españoles;Hombres;2004;219.541
Total Nacional;;57 años;Españoles;Hombres;2003;233.182
Total Nacional;;57 años;Españoles;Hombres;2002;220.783
Total Nacional;;57 años;Españoles;Hombres;2001;220.461
Total Nacional;;57 años;Españoles;Hombres;2000;190.646
Total Nacional;;57 años;Españoles;Mujeres;2006;258.764
Total Nacional;;57 años;Españoles;Mujeres;2005;235.917
Total Nacional;;57 años;Españoles;Mujeres;2004;227.764
Total Nacional;;57 años;Españoles;Mujeres;2003;242.454
Total Nacional;;57 años;Españoles;Mujeres;2002;230.048
Total Nacional;;57 años;Españoles;Mujeres;2001;227.646
Total Nacional;;57 años;Españoles;Mujeres;2000;197.550
Total Nacional;;57 años;Extranjeros;Hombres;2006;12.223
Total Nacional;;57 años;Extranjeros;Hombres;2005;10.870
Total Nacional;;57 años;Extranjeros;Hombres;2004;8.304
Total Nacional;;57 años;Extranjeros;Hombres;2003;7.264
Total Nacional;;57 años;Extranjeros;Hombres;2002;6.057
Total Nacional;;57 años;Extranjeros;Hombres;2001;4.807
Total Nacional;;57 años;Extranjeros;Hombres;2000;4.135
Total Nacional;;57 años;Extranjeros;Mujeres;2006;13.664
Total Nacional;;57 años;Extranjeros;Mujeres;2005;12.263
Total Nacional;;57 años;Extranjeros;Mujeres;2004;9.500
Total Nacional;;57 años;Extranjeros;Mujeres;2003;8.099
Total Nacional;;57 años;Extranjeros;Mujeres;2002;6.525
Total Nacional;;57 años;Extranjeros;Mujeres;2001;5.210
Total Nacional;;57 años;Extranjeros;Mujeres;2000;4.220
Total Nacional;;58 años;Españoles;Hombres;2006;227.888
Total Nacional;;58 años;Españoles;Hombres;2005;218.431
Total Nacional;;58 años;Españoles;Hombres;2004;231.739
Total Nacional;;58 años;Españoles;Hombres;2003;219.863
Total Nacional;;58 años;Españoles;Hombres;2002;219.114
Total Nacional;;58 años;Españoles;Hombres;2001;189.895
Total Nacional;;58 años;Españoles;Hombres;2000;176.076
Total Nacional;;58 años;Españoles;Mujeres;2006;235.780
Total Nacional;;58 años;Españoles;Mujeres;2005;227.532
Total Nacional;;58 años;Españoles;Mujeres;2004;241.993
Total Nacional;;58 años;Españoles;Mujeres;2003;229.933
Total Nacional;;58 años;Españoles;Mujeres;2002;227.379
Total Nacional;;58 años;Españoles;Mujeres;2001;197.551
Total Nacional;;58 años;Españoles;Mujeres;2000;181.983
Total Nacional;;58 años;Extranjeros;Hombres;2006;11.984
Total Nacional;;58 años;Extranjeros;Hombres;2005;9.925
Total Nacional;;58 años;Extranjeros;Hombres;2004;7.508
Total Nacional;;58 años;Extranjeros;Hombres;2003;7.571
Total Nacional;;58 años;Extranjeros;Hombres;2002;5.842
Total Nacional;;58 años;Extranjeros;Hombres;2001;4.808
Total Nacional;;58 años;Extranjeros;Hombres;2000;3.908
Total Nacional;;58 años;Extranjeros;Mujeres;2006;13.463
Total Nacional;;58 años;Extranjeros;Mujeres;2005;11.470
Total Nacional;;58 años;Extranjeros;Mujeres;2004;8.525
Total Nacional;;58 años;Extranjeros;Mujeres;2003;8.253
Total Nacional;;58 años;Extranjeros;Mujeres;2002;6.408
Total Nacional;;58 años;Extranjeros;Mujeres;2001;4.993
Total Nacional;;58 años;Extranjeros;Mujeres;2000;4.109
Total Nacional;;59 años;Españoles;Hombres;2006;217.087
Total Nacional;;59 años;Españoles;Hombres;2005;230.503
Total Nacional;;59 años;Españoles;Hombres;2004;218.378
Total Nacional;;59 años;Españoles;Hombres;2003;218.020
Total Nacional;;59 años;Españoles;Hombres;2002;188.632
Total Nacional;;59 años;Españoles;Hombres;2001;175.276
Total Nacional;;59 años;Españoles;Hombres;2000;218.420
Total Nacional;;59 años;Españoles;Mujeres;2006;227.291
Total Nacional;;59 años;Españoles;Mujeres;2005;241.695
Total Nacional;;59 años;Españoles;Mujeres;2004;229.599
Total Nacional;;59 años;Españoles;Mujeres;2003;227.288
Total Nacional;;59 años;Españoles;Mujeres;2002;197.087
Total Nacional;;59 años;Españoles;Mujeres;2001;181.901
Total Nacional;;59 años;Españoles;Mujeres;2000;229.283
Total Nacional;;59 años;Extranjeros;Hombres;2006;11.065
Total Nacional;;59 años;Extranjeros;Hombres;2005;9.050
Total Nacional;;59 años;Extranjeros;Hombres;2004;7.810
Total Nacional;;59 años;Extranjeros;Hombres;2003;7.305
Total Nacional;;59 años;Extranjeros;Hombres;2002;5.762
Total Nacional;;59 años;Extranjeros;Hombres;2001;4.506
Total Nacional;;59 años;Extranjeros;Hombres;2000;4.192
Total Nacional;;59 años;Extranjeros;Mujeres;2006;12.691
Total Nacional;;59 años;Extranjeros;Mujeres;2005;10.264
Total Nacional;;59 años;Extranjeros;Mujeres;2004;8.626
Total Nacional;;59 años;Extranjeros;Mujeres;2003;8.026
Total Nacional;;59 años;Extranjeros;Mujeres;2002;6.114
Total Nacional;;59 años;Extranjeros;Mujeres;2001;4.859
Total Nacional;;59 años;Extranjeros;Mujeres;2000;4.296
Total Nacional;;60 años;Españoles;Hombres;2006;228.968
Total Nacional;;60 años;Españoles;Hombres;2005;217.086
Total Nacional;;60 años;Españoles;Hombres;2004;216.477
Total Nacional;;60 años;Españoles;Hombres;2003;187.515
Total Nacional;;60 años;Españoles;Hombres;2002;174.104
Total Nacional;;60 años;Españoles;Hombres;2001;217.494
Total Nacional;;60 años;Españoles;Hombres;2000;141.718
Total Nacional;;60 años;Españoles;Mujeres;2006;241.352
Total Nacional;;60 años;Españoles;Mujeres;2005;229.340
Total Nacional;;60 años;Españoles;Mujeres;2004;226.880
Total Nacional;;60 años;Españoles;Mujeres;2003;196.959
Total Nacional;;60 años;Españoles;Mujeres;2002;181.516
Total Nacional;;60 años;Españoles;Mujeres;2001;228.981
Total Nacional;;60 años;Españoles;Mujeres;2000;154.527
Total Nacional;;60 años;Extranjeros;Hombres;2006;10.001
Total Nacional;;60 años;Extranjeros;Hombres;2005;9.584
Total Nacional;;60 años;Extranjeros;Hombres;2004;7.549
Total Nacional;;60 años;Extranjeros;Hombres;2003;7.215
Total Nacional;;60 años;Extranjeros;Hombres;2002;5.537
Total Nacional;;60 años;Extranjeros;Hombres;2001;4.861
Total Nacional;;60 años;Extranjeros;Hombres;2000;3.989
Total Nacional;;60 años;Extranjeros;Mujeres;2006;11.180
Total Nacional;;60 años;Extranjeros;Mujeres;2005;10.528
Total Nacional;;60 años;Extranjeros;Mujeres;2004;8.396
Total Nacional;;60 años;Extranjeros;Mujeres;2003;7.671
Total Nacional;;60 años;Extranjeros;Mujeres;2002;5.951
Total Nacional;;60 años;Extranjeros;Mujeres;2001;5.053
Total Nacional;;60 años;Extranjeros;Mujeres;2000;3.972
Total Nacional;;61 años;Españoles;Hombres;2006;215.467
Total Nacional;;61 años;Españoles;Hombres;2005;215.031
Total Nacional;;61 años;Españoles;Hombres;2004;185.990
Total Nacional;;61 años;Españoles;Hombres;2003;173.001
Total Nacional;;61 años;Españoles;Hombres;2002;215.842
Total Nacional;;61 años;Españoles;Hombres;2001;140.850
Total Nacional;;61 años;Españoles;Hombres;2000;163.447
Total Nacional;;61 años;Españoles;Mujeres;2006;228.987
Total Nacional;;61 años;Españoles;Mujeres;2005;226.630
Total Nacional;;61 años;Españoles;Mujeres;2004;196.492
Total Nacional;;61 años;Españoles;Mujeres;2003;181.375
Total Nacional;;61 años;Españoles;Mujeres;2002;228.404
Total Nacional;;61 años;Españoles;Mujeres;2001;154.308
Total Nacional;;61 años;Españoles;Mujeres;2000;177.306
Total Nacional;;61 años;Extranjeros;Hombres;2006;10.657
Total Nacional;;61 años;Extranjeros;Hombres;2005;9.082
Total Nacional;;61 años;Extranjeros;Hombres;2004;7.472
Total Nacional;;61 años;Extranjeros;Hombres;2003;6.966
Total Nacional;;61 años;Extranjeros;Hombres;2002;5.985
Total Nacional;;61 años;Extranjeros;Hombres;2001;4.733
Total Nacional;;61 años;Extranjeros;Hombres;2000;4.009
Total Nacional;;61 años;Extranjeros;Mujeres;2006;11.669
Total Nacional;;61 años;Extranjeros;Mujeres;2005;10.089
Total Nacional;;61 años;Extranjeros;Mujeres;2004;8.075
Total Nacional;;61 años;Extranjeros;Mujeres;2003;7.503
Total Nacional;;61 años;Extranjeros;Mujeres;2002;6.179
Total Nacional;;61 años;Extranjeros;Mujeres;2001;4.712
Total Nacional;;61 años;Extranjeros;Mujeres;2000;3.920
Total Nacional;;62 años;Españoles;Hombres;2006;213.183
Total Nacional;;62 años;Españoles;Hombres;2005;184.639
Total Nacional;;62 años;Españoles;Hombres;2004;171.439
Total Nacional;;62 años;Españoles;Hombres;2003;214.071
Total Nacional;;62 años;Españoles;Hombres;2002;139.569
Total Nacional;;62 años;Españoles;Hombres;2001;162.372
Total Nacional;;62 años;Españoles;Hombres;2000;184.954
Total Nacional;;62 años;Españoles;Mujeres;2006;226.176
Total Nacional;;62 años;Españoles;Mujeres;2005;196.065
Total Nacional;;62 años;Españoles;Mujeres;2004;180.996
Total Nacional;;62 años;Españoles;Mujeres;2003;228.145
Total Nacional;;62 años;Españoles;Mujeres;2002;153.864
Total Nacional;;62 años;Españoles;Mujeres;2001;177.037
Total Nacional;;62 años;Españoles;Mujeres;2000;200.838
Total Nacional;;62 años;Extranjeros;Hombres;2006;10.090
Total Nacional;;62 años;Extranjeros;Hombres;2005;8.970
Total Nacional;;62 años;Extranjeros;Hombres;2004;7.173
Total Nacional;;62 años;Extranjeros;Hombres;2003;7.451
Total Nacional;;62 años;Extranjeros;Hombres;2002;5.714
Total Nacional;;62 años;Extranjeros;Hombres;2001;4.690
Total Nacional;;62 años;Extranjeros;Hombres;2000;3.874
Total Nacional;;62 años;Extranjeros;Mujeres;2006;10.982
Total Nacional;;62 años;Extranjeros;Mujeres;2005;9.673
Total Nacional;;62 años;Extranjeros;Mujeres;2004;7.754
Total Nacional;;62 años;Extranjeros;Mujeres;2003;7.637
Total Nacional;;62 años;Extranjeros;Mujeres;2002;5.696
Total Nacional;;62 años;Extranjeros;Mujeres;2001;4.558
Total Nacional;;62 años;Extranjeros;Mujeres;2000;3.725
Total Nacional;;63 años;Españoles;Hombres;2006;182.951
Total Nacional;;63 años;Españoles;Hombres;2005;169.920
Total Nacional;;63 años;Españoles;Hombres;2004;211.914
Total Nacional;;63 años;Españoles;Hombres;2003;138.288
Total Nacional;;63 años;Españoles;Hombres;2002;160.691
Total Nacional;;63 años;Españoles;Hombres;2001;183.520
Total Nacional;;63 años;Españoles;Hombres;2000;203.426
Total Nacional;;63 años;Españoles;Mujeres;2006;195.583
Total Nacional;;63 años;Españoles;Mujeres;2005;180.633
Total Nacional;;63 años;Españoles;Mujeres;2004;227.527
Total Nacional;;63 años;Españoles;Mujeres;2003;153.396
Total Nacional;;63 años;Españoles;Mujeres;2002;176.486
Total Nacional;;63 años;Españoles;Mujeres;2001;200.509
Total Nacional;;63 años;Españoles;Mujeres;2000;228.260
Total Nacional;;63 años;Extranjeros;Hombres;2006;9.996
Total Nacional;;63 años;Extranjeros;Hombres;2005;8.572
Total Nacional;;63 años;Extranjeros;Hombres;2004;7.490
Total Nacional;;63 años;Extranjeros;Hombres;2003;7.014
Total Nacional;;63 años;Extranjeros;Hombres;2002;5.609
Total Nacional;;63 años;Extranjeros;Hombres;2001;4.506
Total Nacional;;63 años;Extranjeros;Hombres;2000;3.786
Total Nacional;;63 años;Extranjeros;Mujeres;2006;10.527
Total Nacional;;63 años;Extranjeros;Mujeres;2005;9.128
Total Nacional;;63 años;Extranjeros;Mujeres;2004;7.905
Total Nacional;;63 años;Extranjeros;Mujeres;2003;7.116
Total Nacional;;63 años;Extranjeros;Mujeres;2002;5.500
Total Nacional;;63 años;Extranjeros;Mujeres;2001;4.258
Total Nacional;;63 años;Extranjeros;Mujeres;2000;3.743
Total Nacional;;64 años;Españoles;Hombres;2006;168.182
Total Nacional;;64 años;Españoles;Hombres;2005;209.778
Total Nacional;;64 años;Españoles;Hombres;2004;136.730
Total Nacional;;64 años;Españoles;Hombres;2003;159.130
Total Nacional;;64 años;Españoles;Hombres;2002;181.250
Total Nacional;;64 años;Españoles;Hombres;2001;201.362
Total Nacional;;64 años;Españoles;Hombres;2000;197.716
Total Nacional;;64 años;Españoles;Mujeres;2006;180.050
Total Nacional;;64 años;Españoles;Mujeres;2005;226.822
Total Nacional;;64 años;Españoles;Mujeres;2004;152.798
Total Nacional;;64 años;Españoles;Mujeres;2003;175.954
Total Nacional;;64 años;Españoles;Mujeres;2002;199.706
Total Nacional;;64 años;Españoles;Mujeres;2001;227.312
Total Nacional;;64 años;Españoles;Mujeres;2000;218.954
Total Nacional;;64 años;Extranjeros;Hombres;2006;9.526
Total Nacional;;64 años;Extranjeros;Hombres;2005;8.879
Total Nacional;;64 años;Extranjeros;Hombres;2004;7.110
Total Nacional;;64 años;Extranjeros;Hombres;2003;6.885
Total Nacional;;64 años;Extranjeros;Hombres;2002;5.319
Total Nacional;;64 años;Extranjeros;Hombres;2001;4.313
Total Nacional;;64 años;Extranjeros;Hombres;2000;3.712
Total Nacional;;64 años;Extranjeros;Mujeres;2006;9.900
Total Nacional;;64 años;Extranjeros;Mujeres;2005;9.276
Total Nacional;;64 años;Extranjeros;Mujeres;2004;7.219
Total Nacional;;64 años;Extranjeros;Mujeres;2003;6.682
Total Nacional;;64 años;Extranjeros;Mujeres;2002;5.081
Total Nacional;;64 años;Extranjeros;Mujeres;2001;4.281
Total Nacional;;64 años;Extranjeros;Mujeres;2000;3.649
Total Nacional;;65 años;Españoles;Hombres;2006;207.641
Total Nacional;;65 años;Españoles;Hombres;2005;135.266
Total Nacional;;65 años;Españoles;Hombres;2004;157.293
Total Nacional;;65 años;Españoles;Hombres;2003;179.491
Total Nacional;;65 años;Españoles;Hombres;2002;198.794
Total Nacional;;65 años;Españoles;Hombres;2001;196.013
Total Nacional;;65 años;Españoles;Hombres;2000;196.526
Total Nacional;;65 años;Españoles;Mujeres;2006;226.245
Total Nacional;;65 años;Españoles;Mujeres;2005;152.445
Total Nacional;;65 años;Españoles;Mujeres;2004;175.303
Total Nacional;;65 años;Españoles;Mujeres;2003;199.362
Total Nacional;;65 años;Españoles;Mujeres;2002;226.314
Total Nacional;;65 años;Españoles;Mujeres;2001;218.475
Total Nacional;;65 años;Españoles;Mujeres;2000;219.487
Total Nacional;;65 años;Extranjeros;Hombres;2006;9.762
Total Nacional;;65 años;Extranjeros;Hombres;2005;8.502
Total Nacional;;65 años;Extranjeros;Hombres;2004;7.003
Total Nacional;;65 años;Extranjeros;Hombres;2003;6.531
Total Nacional;;65 años;Extranjeros;Hombres;2002;5.189
Total Nacional;;65 años;Extranjeros;Hombres;2001;4.204
Total Nacional;;65 años;Extranjeros;Hombres;2000;3.513
Total Nacional;;65 años;Extranjeros;Mujeres;2006;9.975
Total Nacional;;65 años;Extranjeros;Mujeres;2005;8.472
Total Nacional;;65 años;Extranjeros;Mujeres;2004;6.815
Total Nacional;;65 años;Extranjeros;Mujeres;2003;6.230
Total Nacional;;65 años;Extranjeros;Mujeres;2002;5.087
Total Nacional;;65 años;Extranjeros;Mujeres;2001;4.121
Total Nacional;;65 años;Extranjeros;Mujeres;2000;3.475
Total Nacional;;66 años;Españoles;Hombres;2006;133.580
Total Nacional;;66 años;Españoles;Hombres;2005;155.347
Total Nacional;;66 años;Españoles;Hombres;2004;177.073
Total Nacional;;66 años;Españoles;Hombres;2003;196.108
Total Nacional;;66 años;Españoles;Hombres;2002;193.352
Total Nacional;;66 años;Españoles;Hombres;2001;194.173
Total Nacional;;66 años;Españoles;Hombres;2000;202.700
Total Nacional;;66 años;Españoles;Mujeres;2006;151.815
Total Nacional;;66 años;Españoles;Mujeres;2005;174.642
Total Nacional;;66 años;Españoles;Mujeres;2004;198.547
Total Nacional;;66 años;Españoles;Mujeres;2003;225.411
Total Nacional;;66 años;Españoles;Mujeres;2002;217.438
Total Nacional;;66 años;Españoles;Mujeres;2001;218.736
Total Nacional;;66 años;Españoles;Mujeres;2000;227.956
Total Nacional;;66 años;Extranjeros;Hombres;2006;9.363
Total Nacional;;66 años;Extranjeros;Hombres;2005;8.236
Total Nacional;;66 años;Extranjeros;Hombres;2004;6.503
Total Nacional;;66 años;Extranjeros;Hombres;2003;6.389
Total Nacional;;66 años;Extranjeros;Hombres;2002;5.057
Total Nacional;;66 años;Extranjeros;Hombres;2001;4.003
Total Nacional;;66 años;Extranjeros;Hombres;2000;3.328
Total Nacional;;66 años;Extranjeros;Mujeres;2006;9.091
Total Nacional;;66 años;Extranjeros;Mujeres;2005;7.945
Total Nacional;;66 años;Extranjeros;Mujeres;2004;6.204
Total Nacional;;66 años;Extranjeros;Mujeres;2003;6.130
Total Nacional;;66 años;Extranjeros;Mujeres;2002;4.791
Total Nacional;;66 años;Extranjeros;Mujeres;2001;3.815
Total Nacional;;66 años;Extranjeros;Mujeres;2000;3.331
Total Nacional;;67 años;Españoles;Hombres;2006;153.104
Total Nacional;;67 años;Españoles;Hombres;2005;174.521
Total Nacional;;67 años;Españoles;Hombres;2004;193.044
Total Nacional;;67 años;Españoles;Hombres;2003;190.516
Total Nacional;;67 años;Españoles;Hombres;2002;190.932
Total Nacional;;67 años;Españoles;Hombres;2001;199.892
Total Nacional;;67 años;Españoles;Hombres;2000;198.612
Total Nacional;;67 años;Españoles;Mujeres;2006;173.821
Total Nacional;;67 años;Españoles;Mujeres;2005;197.694
Total Nacional;;67 años;Españoles;Mujeres;2004;223.953
Total Nacional;;67 años;Españoles;Mujeres;2003;216.428
Total Nacional;;67 años;Españoles;Mujeres;2002;217.310
Total Nacional;;67 años;Españoles;Mujeres;2001;226.925
Total Nacional;;67 años;Españoles;Mujeres;2000;226.038
Total Nacional;;67 años;Extranjeros;Hombres;2006;9.006
Total Nacional;;67 años;Extranjeros;Hombres;2005;7.598
Total Nacional;;67 años;Extranjeros;Hombres;2004;6.293
Total Nacional;;67 años;Extranjeros;Hombres;2003;6.010
Total Nacional;;67 años;Extranjeros;Hombres;2002;4.641
Total Nacional;;67 años;Extranjeros;Hombres;2001;3.672
Total Nacional;;67 años;Extranjeros;Hombres;2000;3.450
Total Nacional;;67 años;Extranjeros;Mujeres;2006;8.389
Total Nacional;;67 años;Extranjeros;Mujeres;2005;7.217
Total Nacional;;67 años;Extranjeros;Mujeres;2004;5.924
Total Nacional;;67 años;Extranjeros;Mujeres;2003;5.626
Total Nacional;;67 años;Extranjeros;Mujeres;2002;4.442
Total Nacional;;67 años;Extranjeros;Mujeres;2001;3.655
Total Nacional;;67 años;Extranjeros;Mujeres;2000;3.258
Total Nacional;;68 años;Españoles;Hombres;2006;171.534
Total Nacional;;68 años;Españoles;Hombres;2005;189.879
Total Nacional;;68 años;Españoles;Hombres;2004;187.188
Total Nacional;;68 años;Españoles;Hombres;2003;187.800
Total Nacional;;68 años;Españoles;Hombres;2002;196.089
Total Nacional;;68 años;Españoles;Hombres;2001;195.398
Total Nacional;;68 años;Españoles;Hombres;2000;188.082
Total Nacional;;68 años;Españoles;Mujeres;2006;196.645
Total Nacional;;68 años;Españoles;Mujeres;2005;222.596
Total Nacional;;68 años;Españoles;Mujeres;2004;214.937
Total Nacional;;68 años;Españoles;Mujeres;2003;216.039
Total Nacional;;68 años;Españoles;Mujeres;2002;225.279
Total Nacional;;68 años;Españoles;Mujeres;2001;224.757
Total Nacional;;68 años;Españoles;Mujeres;2000;215.420
Total Nacional;;68 años;Extranjeros;Hombres;2006;8.214
Total Nacional;;68 años;Extranjeros;Hombres;2005;7.237
Total Nacional;;68 años;Extranjeros;Hombres;2004;5.703
Total Nacional;;68 años;Extranjeros;Hombres;2003;5.471
Total Nacional;;68 años;Extranjeros;Hombres;2002;4.212
Total Nacional;;68 años;Extranjeros;Hombres;2001;3.743
Total Nacional;;68 años;Extranjeros;Hombres;2000;3.256
Total Nacional;;68 años;Extranjeros;Mujeres;2006;7.631
Total Nacional;;68 años;Extranjeros;Mujeres;2005;6.707
Total Nacional;;68 años;Extranjeros;Mujeres;2004;5.367
Total Nacional;;68 años;Extranjeros;Mujeres;2003;5.247
Total Nacional;;68 años;Extranjeros;Mujeres;2002;4.175
Total Nacional;;68 años;Extranjeros;Mujeres;2001;3.548
Total Nacional;;68 años;Extranjeros;Mujeres;2000;3.117
Total Nacional;;69 años;Españoles;Hombres;2006;186.399
Total Nacional;;69 años;Españoles;Hombres;2005;183.881
Total Nacional;;69 años;Españoles;Hombres;2004;184.168
Total Nacional;;69 años;Españoles;Hombres;2003;192.317
Total Nacional;;69 años;Españoles;Hombres;2002;191.200
Total Nacional;;69 años;Españoles;Hombres;2001;184.560
Total Nacional;;69 años;Españoles;Hombres;2000;185.680
Total Nacional;;69 años;Españoles;Mujeres;2006;220.979
Total Nacional;;69 años;Españoles;Mujeres;2005;213.529
Total Nacional;;69 años;Españoles;Mujeres;2004;214.378
Total Nacional;;69 años;Españoles;Mujeres;2003;223.642
Total Nacional;;69 años;Españoles;Mujeres;2002;222.724
Total Nacional;;69 años;Españoles;Mujeres;2001;213.870
Total Nacional;;69 años;Españoles;Mujeres;2000;220.293
Total Nacional;;69 años;Extranjeros;Hombres;2006;7.689
Total Nacional;;69 años;Extranjeros;Hombres;2005;6.451
Total Nacional;;69 años;Extranjeros;Hombres;2004;5.191
Total Nacional;;69 años;Extranjeros;Hombres;2003;4.838
Total Nacional;;69 años;Extranjeros;Hombres;2002;4.250
Total Nacional;;69 años;Extranjeros;Hombres;2001;3.520
Total Nacional;;69 años;Extranjeros;Hombres;2000;3.510
Total Nacional;;69 años;Extranjeros;Mujeres;2006;7.010
Total Nacional;;69 años;Extranjeros;Mujeres;2005;6.072
Total Nacional;;69 años;Extranjeros;Mujeres;2004;4.888
Total Nacional;;69 años;Extranjeros;Mujeres;2003;4.817
Total Nacional;;69 años;Extranjeros;Mujeres;2002;4.017
Total Nacional;;69 años;Extranjeros;Mujeres;2001;3.311
Total Nacional;;69 años;Extranjeros;Mujeres;2000;3.339
Total Nacional;;70 años;Españoles;Hombres;2006;180.229
Total Nacional;;70 años;Españoles;Hombres;2005;180.658
Total Nacional;;70 años;Españoles;Hombres;2004;188.206
Total Nacional;;70 años;Españoles;Hombres;2003;186.988
Total Nacional;;70 años;Españoles;Hombres;2002;180.254
Total Nacional;;70 años;Españoles;Hombres;2001;181.852
Total Nacional;;70 años;Españoles;Hombres;2000;172.911
Total Nacional;;70 años;Españoles;Mujeres;2006;211.836
Total Nacional;;70 años;Españoles;Mujeres;2005;212.708
Total Nacional;;70 años;Españoles;Mujeres;2004;221.739
Total Nacional;;70 años;Españoles;Mujeres;2003;220.984
Total Nacional;;70 años;Españoles;Mujeres;2002;211.669
Total Nacional;;70 años;Españoles;Mujeres;2001;218.632
Total Nacional;;70 años;Españoles;Mujeres;2000;207.585
Total Nacional;;70 años;Extranjeros;Hombres;2006;6.823
Total Nacional;;70 años;Extranjeros;Hombres;2005;5.844
Total Nacional;;70 años;Extranjeros;Hombres;2004;4.475
Total Nacional;;70 años;Extranjeros;Hombres;2003;4.818
Total Nacional;;70 años;Extranjeros;Hombres;2002;3.952
Total Nacional;;70 años;Extranjeros;Hombres;2001;3.746
Total Nacional;;70 años;Extranjeros;Hombres;2000;3.120
Total Nacional;;70 años;Extranjeros;Mujeres;2006;6.239
Total Nacional;;70 años;Extranjeros;Mujeres;2005;5.515
Total Nacional;;70 años;Extranjeros;Mujeres;2004;4.450
Total Nacional;;70 años;Extranjeros;Mujeres;2003;4.572
Total Nacional;;70 años;Extranjeros;Mujeres;2002;3.688
Total Nacional;;70 años;Extranjeros;Mujeres;2001;3.563
Total Nacional;;70 años;Extranjeros;Mujeres;2000;2.965
